Workbook
Name SegmentaçãodeDados_Planta: #N/A
Name SegmentaçãodeDados_Status: #N/A

Sheet Base
A1: Conc | B1: GP | C1: Descrição | D1: Parque | E1: Planta | F1: LRR | G1: Estoque Parque | H1: Estoque Ok/Nok | I1: Quant. PO | J1: Previsão no Parque | K1: Mes/Ano | L1: Coluna4 | M1: Coluna3 | N1: Status | O1: Quant. Entregue | P1: Data entrega | Q1: Obs
A2: =_xlfn.CONCAT(B2,D2) -> GP127960B867 | B2: GP127960 | C2: GENERIC G9X ELECTRIC ROTATING JOINT STD | D2: B867 | E2: VSMIII | F2: 2 | G2: =IFERROR(VLOOKUP(A2,'Est. Parq.'!A:J,10,0),0) -> 1 | H2: =Tabela1[[#This Row],[Estoque Parque]]-Tabela1[[#This Row],[LRR]] -> -1 | I2: =SUMIF(SQVI!B:B,Base!A35,SQVI!V:V) -> 0 | J2: 46327 | K2: =UPPER(TEXT(Tabela1[[#This Row],[Previsão no Parque ]],"mmm/aaaa")) -> NOV/2026 | L2: =TEXT(Tabela1[[#This Row],[Previsão no Parque ]],"MMMM") -> novembro | M2: =TEXT(Tabela1[[#This Row],[Previsão no Parque ]],"AAAA") -> 2026 | N2: Pendente | O2: -2 | P2: 46234 | Q2: Verificando Bloco Norte e Delta 11 unids
A3: =_xlfn.CONCAT(B3,D3) -> GP131157B865 | B3: GP131157 | C3: COTTON CLOTHS PACKAGE | D3: B865 | E3: TERRA SANTA | F3: 50 | G3: =IFERROR(VLOOKUP(A3,'Est. Parq.'!A:J,10,0),0) -> 0 | H3: =Tabela1[[#This Row],[Estoque Parque]]-Tabela1[[#This Row],[LRR]] -> -50 | I3: =SUMIF(SQVI!B:B,Base!A38,SQVI!V:V) -> 2 | J3: 46296 | K3: =UPPER(TEXT(Tabela1[[#This Row],[Previsão no Parque ]],"mmm/aaaa")) -> OUT/2026 | L3: =TEXT(Tabela1[[#This Row],[Previsão no Parque ]],"MMMM") -> outubro | M3: =TEXT(Tabela1[[#This Row],[Previsão no Parque ]],"AAAA") -> 2026 | N3: Em rota | O3: 350 | P3: 46225
A4: =_xlfn.CONCAT(B4,D4) -> GP241858B832 | B4: GP241858 | C4: INDUCTIVE SENSOR M18 | D4: B832 | E4: UNIÃO DOS VENTOS (UDV) | F4: 2 | G4: =IFERROR(VLOOKUP(A4,'Est. Parq.'!A:J,10,0),0) -> 2 | H4: =Tabela1[[#This Row],[Estoque Parque]]-Tabela1[[#This Row],[LRR]] -> 0 | I4: =SUMIF(SQVI!B:B,Base!A44,SQVI!V:V) -> 750 | J4: 46388 | K4: =UPPER(TEXT(Tabela1[[#This Row],[Previsão no Parque ]],"mmm/aaaa")) -> JAN/2027 | L4: =TEXT(Tabela1[[#This Row],[Previsão no Parque ]],"MMMM") -> janeiro | M4: =TEXT(Tabela1[[#This Row],[Previsão no Parque ]],"AAAA") -> 2027 | N4: Pendente | O4: -1 | P4: 46188 | Q4: verificando Bloco Norte
A5: =_xlfn.CONCAT(B5,D5) -> GP249817B857 | B5: GP249817 | C5: FAN_JAS_FJ28082MAB | D5: B857 | E5: VSMII | F5: 2 | G5: =IFERROR(VLOOKUP(A5,'Est. Parq.'!A:J,10,0),0) -> 0 | H5: =Tabela1[[#This Row],[Estoque Parque]]-Tabela1[[#This Row],[LRR]] -> -2 | I5: =SUMIF(SQVI!B:B,Base!A47,SQVI!V:V) -> 0 | J5: 46296 | K5: =UPPER(TEXT(Tabela1[[#This Row],[Previsão no Parque ]],"mmm/aaaa")) -> OUT/2026 | L5: =TEXT(Tabela1[[#This Row],[Previsão no Parque ]],"MMMM") -> outubro | M5: =TEXT(Tabela1[[#This Row],[Previsão no Parque ]],"AAAA") -> 2026 | N5: Em rota | O5: 2 | P5: 46325
A6: =_xlfn.CONCAT(B6,D6) -> GP525859B856 | B6: GP525859 | C6: SCRAPER 105/117.2X8.1 M12T | D6: B856 | E6: VSMI | F6: 4 | G6: =IFERROR(VLOOKUP(A6,'Est. Parq.'!A:J,10,0),0) -> 2 | H6: =Tabela1[[#This Row],[Estoque Parque]]-Tabela1[[#This Row],[LRR]] -> -2 | I6: =SUMIF(SQVI!B:B,Base!A93,SQVI!V:V) -> 0 | J6: 46357 | K6: =UPPER(TEXT(Tabela1[[#This Row],[Previsão no Parque ]],"mmm/aaaa")) -> DEZ/2026 | L6: =TEXT(Tabela1[[#This Row],[Previsão no Parque ]],"MMMM") -> dezembro | M6: =TEXT(Tabela1[[#This Row],[Previsão no Parque ]],"AAAA") -> 2026 | N6: Pendente | Q6: 9 unids enviado para B857, proximo roteiro mais 3
A7: =_xlfn.CONCAT(B7,D7) -> GP525859B857 | B7: GP525859 | C7: SCRAPER 105/117.2X8.1 M12T | D7: B857 | E7: VSMII | F7: 8 | G7: =IFERROR(VLOOKUP(A7,'Est. Parq.'!A:J,10,0),0) -> 15 | H7: =Tabela1[[#This Row],[Estoque Parque]]-Tabela1[[#This Row],[LRR]] -> 7 | I7: =SUMIF(SQVI!B:B,Base!A94,SQVI!V:V) -> 60 | J7: 46296 | K7: =UPPER(TEXT(Tabela1[[#This Row],[Previsão no Parque ]],"mmm/aaaa")) -> OUT/2026 | L7: =TEXT(Tabela1[[#This Row],[Previsão no Parque ]],"MMMM") -> outubro | M7: =TEXT(Tabela1[[#This Row],[Previsão no Parque ]],"AAAA") -> 2026 | N7: Em rota | O7: 9 | P7: 46325
A8: =_xlfn.CONCAT(B8,D8) -> GP525859B867 | B8: GP525859 | C8: SCRAPER 105/117.2X8.1 M12T | D8: B867 | E8: VSMIII | F8: 2 | G8: =IFERROR(VLOOKUP(A8,'Est. Parq.'!A:J,10,0),0) -> 0 | H8: =Tabela1[[#This Row],[Estoque Parque]]-Tabela1[[#This Row],[LRR]] -> -2 | I8: =SUMIF(SQVI!B:B,Base!A95,SQVI!V:V) -> 42 | J8: 46357 | K8: =UPPER(TEXT(Tabela1[[#This Row],[Previsão no Parque ]],"mmm/aaaa")) -> DEZ/2026 | L8: =TEXT(Tabela1[[#This Row],[Previsão no Parque ]],"MMMM") -> dezembro | M8: =TEXT(Tabela1[[#This Row],[Previsão no Parque ]],"AAAA") -> 2026 | N8: Pendente
A9: =_xlfn.CONCAT(B9,D9) -> 109534B864 | B9: 109534 | C9: VALVULA RV8-10-C-0-50 | D9: B864 | E9: MARAL | G9: =IFERROR(VLOOKUP(A9,'Est. Parq.'!A:J,10,0),0) -> 5 | H9: =Tabela1[[#This Row],[Estoque Parque]]-Tabela1[[#This Row],[LRR]] -> 5 | I9: =SUMIF(SQVI!B:B,Base!A3,SQVI!V:V) -> 350 | J9: 46296 | K9: =UPPER(TEXT(Tabela1[[#This Row],[Previsão no Parque ]],"mmm/aaaa")) -> OUT/2026 | L9: =TEXT(Tabela1[[#This Row],[Previsão no Parque ]],"MMMM") -> outubro | M9: =TEXT(Tabela1[[#This Row],[Previsão no Parque ]],"AAAA") -> 2026 | N9: Em rota | O9: 2 | P9: 46325
A10: =_xlfn.CONCAT(B10,D10) -> 109534B865 | B10: 109534 | C10: VALVULA RV8-10-C-0-50 | D10: B865 | E10: TERRA SANTA | G10: =IFERROR(VLOOKUP(A10,'Est. Parq.'!A:J,10,0),0) -> 0 | H10: =Tabela1[[#This Row],[Estoque Parque]]-Tabela1[[#This Row],[LRR]] -> 0 | I10: =SUMIF(SQVI!B:B,Base!A2,SQVI!V:V) -> 0 | J10: 46266 | K10: =UPPER(TEXT(Tabela1[[#This Row],[Previsão no Parque ]],"mmm/aaaa")) -> SET/2026 | L10: =TEXT(Tabela1[[#This Row],[Previsão no Parque ]],"MMMM") -> setembro | M10: =TEXT(Tabela1[[#This Row],[Previsão no Parque ]],"AAAA") -> 2026 | N10: Entregue | O10: 2
A11: =_xlfn.CONCAT(B11,D11) -> 565784B864 | B11: 565784 | C11: REDUTORA PRV1-10-C-0-6 | D11: B864 | E11: MARAL | G11: =IFERROR(VLOOKUP(A11,'Est. Parq.'!A:J,10,0),0) -> 0 | H11: =Tabela1[[#This Row],[Estoque Parque]]-Tabela1[[#This Row],[LRR]] -> 0 | I11: =SUMIF(SQVI!B:B,Base!A5,SQVI!V:V) -> 6 | J11: 46296 | K11: =UPPER(TEXT(Tabela1[[#This Row],[Previsão no Parque ]],"mmm/aaaa")) -> OUT/2026 | L11: =TEXT(Tabela1[[#This Row],[Previsão no Parque ]],"MMMM") -> outubro | M11: =TEXT(Tabela1[[#This Row],[Previsão no Parque ]],"AAAA") -> 2026 | N11: Em rota | O11: 2 | P11: 46325
A12: =_xlfn.CONCAT(B12,D12) -> 565784B865 | B12: 565784 | C12: REDUTORA PRV1-10-C-0-6 | D12: B865 | E12: TERRA SANTA | F12: 1 | G12: =IFERROR(VLOOKUP(A12,'Est. Parq.'!A:J,10,0),0) -> 0 | H12: =Tabela1[[#This Row],[Estoque Parque]]-Tabela1[[#This Row],[LRR]] -> -1 | I12: =SUMIF(SQVI!B:B,Base!A4,SQVI!V:V) -> 0 | J12: 46266 | K12: =UPPER(TEXT(Tabela1[[#This Row],[Previsão no Parque ]],"mmm/aaaa")) -> SET/2026 | L12: =TEXT(Tabela1[[#This Row],[Previsão no Parque ]],"MMMM") -> setembro | M12: =TEXT(Tabela1[[#This Row],[Previsão no Parque ]],"AAAA") -> 2026 | N12: Entregue | O12: 2
A13: =_xlfn.CONCAT(B13,D13) -> AMB0155B864 | B13: AMB0155 | C13: VENTILADOR 230V 127W IP44 | D13: B864 | E13: MARAL | G13: =IFERROR(VLOOKUP(A13,'Est. Parq.'!A:J,10,0),0) -> 0 | H13: =Tabela1[[#This Row],[Estoque Parque]]-Tabela1[[#This Row],[LRR]] -> 0 | I13: =SUMIF(SQVI!B:B,Base!A7,SQVI!V:V) -> 30 | J13: 46419 | K13: =UPPER(TEXT(Tabela1[[#This Row],[Previsão no Parque ]],"mmm/aaaa")) -> FEV/2027 | L13: =TEXT(Tabela1[[#This Row],[Previsão no Parque ]],"MMMM") -> fevereiro | M13: =TEXT(Tabela1[[#This Row],[Previsão no Parque ]],"AAAA") -> 2027 | N13: Pendente
A14: =_xlfn.CONCAT(B14,D14) -> AMB0155B865 | B14: AMB0155 | C14: VENTILADOR 230V 127W IP44 | D14: B865 | E14: TERRA SANTA | G14: =IFERROR(VLOOKUP(A14,'Est. Parq.'!A:J,10,0),0) -> 0 | H14: =Tabela1[[#This Row],[Estoque Parque]]-Tabela1[[#This Row],[LRR]] -> 0 | I14: =SUMIF(SQVI!B:B,Base!A6,SQVI!V:V) -> 0 | J14: 46419 | K14: =UPPER(TEXT(Tabela1[[#This Row],[Previsão no Parque ]],"mmm/aaaa")) -> FEV/2027 | L14: =TEXT(Tabela1[[#This Row],[Previsão no Parque ]],"MMMM") -> fevereiro | M14: =TEXT(Tabela1[[#This Row],[Previsão no Parque ]],"AAAA") -> 2027 | N14: Pendente
A15: =_xlfn.CONCAT(B15,D15) -> GP004263B825 | B15: GP004263 | C15: OPTOCOUPLER RELAY OPT-24DC-24DC-2 | D15: B825 | E15: BLOCO NORTE SUL (BNS) | F15: 20 | G15: =IFERROR(VLOOKUP(A15,'Est. Parq.'!A:J,10,0),0) -> 0 | H15: =Tabela1[[#This Row],[Estoque Parque]]-Tabela1[[#This Row],[LRR]] -> -20 | I15: =SUMIF(SQVI!B:B,Base!A8,SQVI!V:V) -> 0 | J15: 46296 | K15: =UPPER(TEXT(Tabela1[[#This Row],[Previsão no Parque ]],"mmm/aaaa")) -> OUT/2026 | L15: =TEXT(Tabela1[[#This Row],[Previsão no Parque ]],"MMMM") -> outubro | M15: =TEXT(Tabela1[[#This Row],[Previsão no Parque ]],"AAAA") -> 2026 | N15: Em rota | O15: 13 | P15: 46325
A16: =_xlfn.CONCAT(B16,D16) -> GP004263B832 | B16: GP004263 | C16: OPTOCOUPLER RELAY OPT-24DC-24DC-2 | D16: B832 | E16: UNIÃO DOS VENTOS (UDV) | F16: 4 | G16: =IFERROR(VLOOKUP(A16,'Est. Parq.'!A:J,10,0),0) -> 0 | H16: =Tabela1[[#This Row],[Estoque Parque]]-Tabela1[[#This Row],[LRR]] -> -4 | I16: =SUMIF(SQVI!B:B,Base!A9,SQVI!V:V) -> 0 | J16: 46327 | K16: =UPPER(TEXT(Tabela1[[#This Row],[Previsão no Parque ]],"mmm/aaaa")) -> NOV/2026 | L16: =TEXT(Tabela1[[#This Row],[Previsão no Parque ]],"MMMM") -> novembro | M16: =TEXT(Tabela1[[#This Row],[Previsão no Parque ]],"AAAA") -> 2026 | N16: Pendente | Q16: Enviei no roteiro de outubro aos parques 64, 57,38, 56
A17: =_xlfn.CONCAT(B17,D17) -> GP004263B856 | B17: GP004263 | C17: OPTOCOUPLER RELAY OPT-24DC-24DC-2 | D17: B856 | E17: VSMI | F17: 2 | G17: =IFERROR(VLOOKUP(A17,'Est. Parq.'!A:J,10,0),0) -> 0 | H17: =Tabela1[[#This Row],[Estoque Parque]]-Tabela1[[#This Row],[LRR]] -> -2 | I17: =SUMIF(SQVI!B:B,Base!A10,SQVI!V:V) -> 0 | J17: 46296 | K17: =UPPER(TEXT(Tabela1[[#This Row],[Previsão no Parque ]],"mmm/aaaa")) -> OUT/2026 | L17: =TEXT(Tabela1[[#This Row],[Previsão no Parque ]],"MMMM") -> outubro | M17: =TEXT(Tabela1[[#This Row],[Previsão no Parque ]],"AAAA") -> 2026 | N17: Em rota | O17: 2 | P17: 46325
A18: =_xlfn.CONCAT(B18,D18) -> GP004263B857 | B18: GP004263 | C18: OPTOCOUPLER RELAY OPT-24DC-24DC-2 | D18: B857 | E18: VSMII | F18: 2 | G18: =IFERROR(VLOOKUP(A18,'Est. Parq.'!A:J,10,0),0) -> 0 | H18: =Tabela1[[#This Row],[Estoque Parque]]-Tabela1[[#This Row],[LRR]] -> -2 | I18: =SUMIF(SQVI!B:B,Base!A11,SQVI!V:V) -> 0 | J18: 46296 | K18: =UPPER(TEXT(Tabela1[[#This Row],[Previsão no Parque ]],"mmm/aaaa")) -> OUT/2026 | L18: =TEXT(Tabela1[[#This Row],[Previsão no Parque ]],"MMMM") -> outubro | M18: =TEXT(Tabela1[[#This Row],[Previsão no Parque ]],"AAAA") -> 2026 | N18: Em rota | O18: 5 | P18: 46325
A19: =_xlfn.CONCAT(B19,D19) -> GP004263B867 | B19: GP004263 | C19: OPTOCOUPLER RELAY OPT-24DC-24DC-2 | D19: B867 | E19: VSMIII | F19: 2 | G19: =IFERROR(VLOOKUP(A19,'Est. Parq.'!A:J,10,0),0) -> 0 | H19: =Tabela1[[#This Row],[Estoque Parque]]-Tabela1[[#This Row],[LRR]] -> -2 | I19: =SUMIF(SQVI!B:B,Base!A12,SQVI!V:V) -> 0 | J19: 46296 | K19: =UPPER(TEXT(Tabela1[[#This Row],[Previsão no Parque ]],"mmm/aaaa")) -> OUT/2026 | L19: =TEXT(Tabela1[[#This Row],[Previsão no Parque ]],"MMMM") -> outubro | M19: =TEXT(Tabela1[[#This Row],[Previsão no Parque ]],"AAAA") -> 2026 | N19: Em rota | O19: 18 | P19: 46325
A20: =_xlfn.CONCAT(B20,D20) -> GP004892B825 | B20: GP004892 | C20: ENTRADAS DIGITAIS | D20: B825 | E20: BLOCO NORTE SUL (BNS) | F20: 1 | G20: =IFERROR(VLOOKUP(A20,'Est. Parq.'!A:J,10,0),0) -> 0 | H20: =Tabela1[[#This Row],[Estoque Parque]]-Tabela1[[#This Row],[LRR]] -> -1 | I20: =SUMIF(SQVI!B:B,Base!A13,SQVI!V:V) -> 0 | J20: 46388 | K20: =UPPER(TEXT(Tabela1[[#This Row],[Previsão no Parque ]],"mmm/aaaa")) -> JAN/2027 | L20: =TEXT(Tabela1[[#This Row],[Previsão no Parque ]],"MMMM") -> janeiro | M20: =TEXT(Tabela1[[#This Row],[Previsão no Parque ]],"AAAA") -> 2027 | N20: Sem necessidade parque
A21: =_xlfn.CONCAT(B21,D21) -> GP004897B865 | B21: GP004897 | C21: ENTRADAS ANALOGICAS | D21: B865 | E21: TERRA SANTA | F21: 10 | G21: =IFERROR(VLOOKUP(A21,'Est. Parq.'!A:J,10,0),0) -> 0 | H21: =Tabela1[[#This Row],[Estoque Parque]]-Tabela1[[#This Row],[LRR]] -> -10 | I21: =SUMIF(SQVI!B:B,Base!A14,SQVI!V:V) -> 0 | J21: 46327 | K21: =UPPER(TEXT(Tabela1[[#This Row],[Previsão no Parque ]],"mmm/aaaa")) -> NOV/2026 | L21: =TEXT(Tabela1[[#This Row],[Previsão no Parque ]],"MMMM") -> novembro | M21: =TEXT(Tabela1[[#This Row],[Previsão no Parque ]],"AAAA") -> 2026 | N21: Entregue parcial | O21: -2 | P21: 46221 | Q21: Aguardando entrada do material
A22: =_xlfn.CONCAT(B22,D22) -> GP004897B864 | B22: GP004897 | C22: ENTRADAS ANALOGICAS | D22: B864 | E22: MARAL | F22: 5 | G22: =IFERROR(VLOOKUP(A22,'Est. Parq.'!A:J,10,0),0) -> 0 | H22: =Tabela1[[#This Row],[Estoque Parque]]-Tabela1[[#This Row],[LRR]] -> -5 | I22: =SUMIF(SQVI!B:B,Base!A15,SQVI!V:V) -> 30 | J22: 46327 | K22: =UPPER(TEXT(Tabela1[[#This Row],[Previsão no Parque ]],"mmm/aaaa")) -> NOV/2026 | L22: =TEXT(Tabela1[[#This Row],[Previsão no Parque ]],"MMMM") -> novembro | M22: =TEXT(Tabela1[[#This Row],[Previsão no Parque ]],"AAAA") -> 2026 | N22: Pendente | Q22: Aguardando entrada do material
A23: =_xlfn.CONCAT(B23,D23) -> GP004975B825 | B23: GP004975 | C23: PLC CONTROLADOR DE CAMPO | D23: B825 | E23: BLOCO NORTE SUL (BNS) | F23: 3 | G23: =IFERROR(VLOOKUP(A23,'Est. Parq.'!A:J,10,0),0) -> 0 | H23: =Tabela1[[#This Row],[Estoque Parque]]-Tabela1[[#This Row],[LRR]] -> -3 | I23: =SUMIF(SQVI!B:B,Base!A16,SQVI!V:V) -> 0 | J23: 46266 | K23: =UPPER(TEXT(Tabela1[[#This Row],[Previsão no Parque ]],"mmm/aaaa")) -> SET/2026 | L23: =TEXT(Tabela1[[#This Row],[Previsão no Parque ]],"MMMM") -> setembro | M23: =TEXT(Tabela1[[#This Row],[Previsão no Parque ]],"AAAA") -> 2026 | N23: Entregue | O23: -1 | P23: 46255
A24: =_xlfn.CONCAT(B24,D24) -> GP008618B856 | B24: GP008618 | C24: On delay time RockWell 700-HT3 | D24: B856 | E24: VSMI | F24: 2 | G24: =IFERROR(VLOOKUP(A24,'Est. Parq.'!A:J,10,0),0) -> 2 | H24: =Tabela1[[#This Row],[Estoque Parque]]-Tabela1[[#This Row],[LRR]] -> 0 | I24: =SUMIF(SQVI!B:B,Base!A17,SQVI!V:V) -> 4 | J24: 46327 | K24: =UPPER(TEXT(Tabela1[[#This Row],[Previsão no Parque ]],"mmm/aaaa")) -> NOV/2026 | L24: =TEXT(Tabela1[[#This Row],[Previsão no Parque ]],"MMMM") -> novembro | M24: =TEXT(Tabela1[[#This Row],[Previsão no Parque ]],"AAAA") -> 2026 | N24: Pendente | Q24: Aguardando entrada do material
A25: =_xlfn.CONCAT(B25,D25) -> GP013211B832 | B25: GP013211 | C25: GENERICO OLEOS DA UNIDADE HIDRAULICA | D25: B832 | E25: UNIÃO DOS VENTOS (UDV) | G25: =IFERROR(VLOOKUP(A25,'Est. Parq.'!A:J,10,0),0) -> 3 | H25: =Tabela1[[#This Row],[Estoque Parque]]-Tabela1[[#This Row],[LRR]] -> 3 | I25: =SUMIF(SQVI!B:B,Base!A18,SQVI!V:V) -> 0 | J25: 46266 | K25: =UPPER(TEXT(Tabela1[[#This Row],[Previsão no Parque ]],"mmm/aaaa")) -> SET/2026 | L25: =TEXT(Tabela1[[#This Row],[Previsão no Parque ]],"MMMM") -> setembro | M25: =TEXT(Tabela1[[#This Row],[Previsão no Parque ]],"AAAA") -> 2026 | N25: Entregue
A26: =_xlfn.CONCAT(B26,D26) -> GP019518B856 | B26: GP019518 | C26: SWITCH ETHERNET MOXA EDS-308-MM-ST | D26: B856 | E26: VSMI | G26: =IFERROR(VLOOKUP(A26,'Est. Parq.'!A:J,10,0),0) -> 0 | H26: =Tabela1[[#This Row],[Estoque Parque]]-Tabela1[[#This Row],[LRR]] -> 0 | I26: =SUMIF(SQVI!B:B,Base!A19,SQVI!V:V) -> 0 | J26: 46388 | K26: =UPPER(TEXT(Tabela1[[#This Row],[Previsão no Parque ]],"mmm/aaaa")) -> JAN/2027 | L26: =TEXT(Tabela1[[#This Row],[Previsão no Parque ]],"MMMM") -> janeiro | M26: =TEXT(Tabela1[[#This Row],[Previsão no Parque ]],"AAAA") -> 2027 | N26: Entregue parcial | O26: -2 | P26: 46253
A27: =_xlfn.CONCAT(B27,D27) -> GP023882B825 | B27: GP023882 | C27: DIODO PADRAO 540A 2700V XX | D27: B825 | E27: BLOCO NORTE SUL (BNS) | F27: 2 | G27: =IFERROR(VLOOKUP(A27,'Est. Parq.'!A:J,10,0),0) -> 0 | H27: =Tabela1[[#This Row],[Estoque Parque]]-Tabela1[[#This Row],[LRR]] -> -2 | I27: =SUMIF(SQVI!B:B,Base!A20,SQVI!V:V) -> 0 | J27: 46419 | K27: =UPPER(TEXT(Tabela1[[#This Row],[Previsão no Parque ]],"mmm/aaaa")) -> FEV/2027 | L27: =TEXT(Tabela1[[#This Row],[Previsão no Parque ]],"MMMM") -> fevereiro | M27: =TEXT(Tabela1[[#This Row],[Previsão no Parque ]],"AAAA") -> 2027 | N27: Criar RC
A28: =_xlfn.CONCAT(B28,D28) -> GP069610B864 | B28: GP069610 | C28: LEVEL SWITCH HINE LM1FA500NASP ALARM | D28: B864 | E28: MARAL | F28: 2 | G28: =IFERROR(VLOOKUP(A28,'Est. Parq.'!A:J,10,0),0) -> 2 | H28: =Tabela1[[#This Row],[Estoque Parque]]-Tabela1[[#This Row],[LRR]] -> 0 | I28: =SUMIF(SQVI!B:B,Base!A21,SQVI!V:V) -> 0 | J28: 46296 | K28: =UPPER(TEXT(Tabela1[[#This Row],[Previsão no Parque ]],"mmm/aaaa")) -> OUT/2026 | L28: =TEXT(Tabela1[[#This Row],[Previsão no Parque ]],"MMMM") -> outubro | M28: =TEXT(Tabela1[[#This Row],[Previsão no Parque ]],"AAAA") -> 2026 | N28: Em rota | O28: 2 | P28: 46325
A29: =_xlfn.CONCAT(B29,D29) -> GP069610 B865 | B29: GP069610 | C29: LEVEL SWITCH HINE LM1FA500NASP ALARM | D29: B865 | E29: TERRA SANTA | G29: =IFERROR(VLOOKUP(A29,'Est. Parq.'!A:J,10,0),0) -> 0 | H29: =Tabela1[[#This Row],[Estoque Parque]]-Tabela1[[#This Row],[LRR]] -> 0 | I29: =SUMIF(SQVI!B:B,Base!A22,SQVI!V:V) -> 0 | J29: 46266 | K29: =UPPER(TEXT(Tabela1[[#This Row],[Previsão no Parque ]],"mmm/aaaa")) -> SET/2026 | L29: =TEXT(Tabela1[[#This Row],[Previsão no Parque ]],"MMMM") -> setembro | M29: =TEXT(Tabela1[[#This Row],[Previsão no Parque ]],"AAAA") -> 2026 | N29: Criar RC | Q29: Embarcado no roteiro para B864 2 unids
A30: =_xlfn.CONCAT(B30,D30) -> GP078780B838 | B30: GP078780 | C30: SMP12C | D30: B838 | E30: VACI | F30: 1 | G30: =IFERROR(VLOOKUP(A30,'Est. Parq.'!A:J,10,0),0) -> 0 | H30: =Tabela1[[#This Row],[Estoque Parque]]-Tabela1[[#This Row],[LRR]] -> -1 | I30: =SUMIF(SQVI!B:B,Base!A23,SQVI!V:V) -> 2 | J30: 46388 | K30: =UPPER(TEXT(Tabela1[[#This Row],[Previsão no Parque ]],"mmm/aaaa")) -> JAN/2027 | L30: =TEXT(Tabela1[[#This Row],[Previsão no Parque ]],"MMMM") -> janeiro | M30: =TEXT(Tabela1[[#This Row],[Previsão no Parque ]],"AAAA") -> 2027 | N30: Pendente
A31: =_xlfn.CONCAT(B31,D31) -> GP082783B865 | B31: GP082783 | C31: IB IL TEMP 4/8 RTD/EF-PAC | D31: B865 | E31: TERRA SANTA | F31: 10 | G31: =IFERROR(VLOOKUP(A31,'Est. Parq.'!A:J,10,0),0) -> 5 | H31: =Tabela1[[#This Row],[Estoque Parque]]-Tabela1[[#This Row],[LRR]] -> -5 | I31: =SUMIF(SQVI!B:B,Base!A24,SQVI!V:V) -> 0 | J31: 46327 | K31: =UPPER(TEXT(Tabela1[[#This Row],[Previsão no Parque ]],"mmm/aaaa")) -> NOV/2026 | L31: =TEXT(Tabela1[[#This Row],[Previsão no Parque ]],"MMMM") -> novembro | M31: =TEXT(Tabela1[[#This Row],[Previsão no Parque ]],"AAAA") -> 2026 | N31: Pendente | Q31: Embarcado no roteiro para B857 1 unid
A32: =_xlfn.CONCAT(B32,D32) -> GP082783B864 | B32: GP082783 | C32: IB IL TEMP 4/8 RTD/EF-PAC | D32: B864 | E32: MARAL | F32: 5 | G32: =IFERROR(VLOOKUP(A32,'Est. Parq.'!A:J,10,0),0) -> 19 | H32: =Tabela1[[#This Row],[Estoque Parque]]-Tabela1[[#This Row],[LRR]] -> 14 | I32: =SUMIF(SQVI!B:B,Base!A25,SQVI!V:V) -> 0 | J32: 46296 | K32: =UPPER(TEXT(Tabela1[[#This Row],[Previsão no Parque ]],"mmm/aaaa")) -> OUT/2026 | L32: =TEXT(Tabela1[[#This Row],[Previsão no Parque ]],"MMMM") -> outubro | M32: =TEXT(Tabela1[[#This Row],[Previsão no Parque ]],"AAAA") -> 2026 | N32: Em rota | O32: 2 | P32: 46325
A33: =_xlfn.CONCAT(B33,D33) -> GP091014B825 | B33: GP091014 | C33: RESISTENCIA DE POTENCIA 33R 600W 10% | D33: B825 | E33: BLOCO NORTE SUL (BNS) | F33: 1 | G33: =IFERROR(VLOOKUP(A33,'Est. Parq.'!A:J,10,0),0) -> 5 | H33: =Tabela1[[#This Row],[Estoque Parque]]-Tabela1[[#This Row],[LRR]] -> 4 | I33: =SUMIF(SQVI!B:B,Base!A26,SQVI!V:V) -> 0 | J33: 46266 | K33: =UPPER(TEXT(Tabela1[[#This Row],[Previsão no Parque ]],"mmm/aaaa")) -> SET/2026 | L33: =TEXT(Tabela1[[#This Row],[Previsão no Parque ]],"MMMM") -> setembro | M33: =TEXT(Tabela1[[#This Row],[Previsão no Parque ]],"AAAA") -> 2026 | N33: Entregue | O33: -5 | P33: 46247
A34: =_xlfn.CONCAT(B34,D34) -> GP091145B832 | B34: GP091145 | C34: CARTÃO DUPLO DE DRIVERS | D34: B832 | E34: UNIÃO DOS VENTOS (UDV) | G34: =IFERROR(VLOOKUP(A34,'Est. Parq.'!A:J,10,0),0) -> 0 | H34: =Tabela1[[#This Row],[Estoque Parque]]-Tabela1[[#This Row],[LRR]] -> 0 | I34: =SUMIF(SQVI!B:B,Base!A27,SQVI!V:V) -> 0 | J34: 46327 | K34: =UPPER(TEXT(Tabela1[[#This Row],[Previsão no Parque ]],"mmm/aaaa")) -> NOV/2026 | L34: =TEXT(Tabela1[[#This Row],[Previsão no Parque ]],"MMMM") -> novembro | M34: =TEXT(Tabela1[[#This Row],[Previsão no Parque ]],"AAAA") -> 2026 | N34: Pendente
A35: =_xlfn.CONCAT(B35,D35) -> GP124403B856 | B35: GP124403 | C35: AMB_EBM_K2E225RA9209 | D35: B856 | E35: VSMI | F35: 2 | G35: =IFERROR(VLOOKUP(A35,'Est. Parq.'!A:J,10,0),0) -> 12 | H35: =Tabela1[[#This Row],[Estoque Parque]]-Tabela1[[#This Row],[LRR]] -> 10 | I35: =SUMIF(SQVI!B:B,Base!A28,SQVI!V:V) -> 0 | J35: 46266 | K35: =UPPER(TEXT(Tabela1[[#This Row],[Previsão no Parque ]],"mmm/aaaa")) -> SET/2026 | L35: =TEXT(Tabela1[[#This Row],[Previsão no Parque ]],"MMMM") -> setembro | M35: =TEXT(Tabela1[[#This Row],[Previsão no Parque ]],"AAAA") -> 2026 | N35: Entregue | O35: -10 | P35: 46253
A36: =_xlfn.CONCAT(B36,D36) -> GP124403B857 | B36: GP124403 | C36: CENTRIFUGAL FAN 230V\1260m3\h UL-LOW NOI | D36: B857 | E36: VSMII | G36: =IFERROR(VLOOKUP(A36,'Est. Parq.'!A:J,10,0),0) -> 2 | H36: =Tabela1[[#This Row],[Estoque Parque]]-Tabela1[[#This Row],[LRR]] -> 2 | I36: =SUMIF(SQVI!B:B,Base!A29,SQVI!V:V) -> 0 | J36: 46235 | K36: =UPPER(TEXT(Tabela1[[#This Row],[Previsão no Parque ]],"mmm/aaaa")) -> AGO/2026 | L36: =TEXT(Tabela1[[#This Row],[Previsão no Parque ]],"MMMM") -> agosto | M36: =TEXT(Tabela1[[#This Row],[Previsão no Parque ]],"AAAA") -> 2026 | N36: Sem necessidade parque
A37: =_xlfn.CONCAT(B37,D37) -> GP124403B867 | B37: GP124403 | C37: CENTRIFUGAL FAN 230V\1260m3\h UL-LOW NOI | D37: B867 | E37: VSMIII | F37: 2 | G37: =IFERROR(VLOOKUP(A37,'Est. Parq.'!A:J,10,0),0) -> 6 | H37: =Tabela1[[#This Row],[Estoque Parque]]-Tabela1[[#This Row],[LRR]] -> 4 | I37: =SUMIF(SQVI!B:B,Base!A30,SQVI!V:V) -> 3 | J37: 46235 | K37: =UPPER(TEXT(Tabela1[[#This Row],[Previsão no Parque ]],"mmm/aaaa")) -> AGO/2026 | L37: =TEXT(Tabela1[[#This Row],[Previsão no Parque ]],"MMMM") -> agosto | M37: =TEXT(Tabela1[[#This Row],[Previsão no Parque ]],"AAAA") -> 2026 | N37: Sem necessidade parque | O37: -4 | P37: 46195
A38: =_xlfn.CONCAT(B38,D38) -> GP127960B832 | B38: GP127960 | C38: GENERIC G9X ELECTRIC ROTATING JOINT STD | D38: B832 | E38: UNIÃO DOS VENTOS (UDV) | F38: 4 | G38: =IFERROR(VLOOKUP(A38,'Est. Parq.'!A:J,10,0),0) -> 6 | H38: =Tabela1[[#This Row],[Estoque Parque]]-Tabela1[[#This Row],[LRR]] -> 2 | I38: =SUMIF(SQVI!B:B,Base!A31,SQVI!V:V) -> 0 | J38: 46266 | K38: =UPPER(TEXT(Tabela1[[#This Row],[Previsão no Parque ]],"mmm/aaaa")) -> SET/2026 | L38: =TEXT(Tabela1[[#This Row],[Previsão no Parque ]],"MMMM") -> setembro | M38: =TEXT(Tabela1[[#This Row],[Previsão no Parque ]],"AAAA") -> 2026 | N38: Entregue | O38: -2 | P38: 46248
A39: =_xlfn.CONCAT(B39,D39) -> GP127960B838 | B39: GP127960 | C39: GENERIC G9X ELECTRIC ROTATING JOINT STD | D39: B838 | E39: VACI | F39: 2 | G39: =IFERROR(VLOOKUP(A39,'Est. Parq.'!A:J,10,0),0) -> 1 | H39: =Tabela1[[#This Row],[Estoque Parque]]-Tabela1[[#This Row],[LRR]] -> -1 | I39: =SUMIF(SQVI!B:B,Base!A32,SQVI!V:V) -> 5 | J39: 46296 | K39: =UPPER(TEXT(Tabela1[[#This Row],[Previsão no Parque ]],"mmm/aaaa")) -> OUT/2026 | L39: =TEXT(Tabela1[[#This Row],[Previsão no Parque ]],"MMMM") -> outubro | M39: =TEXT(Tabela1[[#This Row],[Previsão no Parque ]],"AAAA") -> 2026 | N39: Em rota | O39: 2 | P39: 46325
A40: =_xlfn.CONCAT(B40,D40) -> GP127960B856 | B40: GP127960 | C40: GENERIC G9X ELECTRIC ROTATING JOINT STD | D40: B856 | E40: VSMI | F40: 2 | G40: =IFERROR(VLOOKUP(A40,'Est. Parq.'!A:J,10,0),0) -> 2 | H40: =Tabela1[[#This Row],[Estoque Parque]]-Tabela1[[#This Row],[LRR]] -> 0 | I40: =SUMIF(SQVI!B:B,Base!A33,SQVI!V:V) -> 0 | J40: 46388 | K40: =UPPER(TEXT(Tabela1[[#This Row],[Previsão no Parque ]],"mmm/aaaa")) -> JAN/2027 | L40: =TEXT(Tabela1[[#This Row],[Previsão no Parque ]],"MMMM") -> janeiro | M40: =TEXT(Tabela1[[#This Row],[Previsão no Parque ]],"AAAA") -> 2027 | N40: Criar RC
A41: =_xlfn.CONCAT(B41,D41) -> GP127960B857 | B41: GP127960 | C41: GENERIC G9X ELECTRIC ROTATING JOINT STD | D41: B857 | E41: VSMII | G41: =IFERROR(VLOOKUP(A41,'Est. Parq.'!A:J,10,0),0) -> 3 | H41: =Tabela1[[#This Row],[Estoque Parque]]-Tabela1[[#This Row],[LRR]] -> 3 | I41: =SUMIF(SQVI!B:B,Base!A34,SQVI!V:V) -> 0 | J41: 46388 | K41: =UPPER(TEXT(Tabela1[[#This Row],[Previsão no Parque ]],"mmm/aaaa")) -> JAN/2027 | L41: =TEXT(Tabela1[[#This Row],[Previsão no Parque ]],"MMMM") -> janeiro | M41: =TEXT(Tabela1[[#This Row],[Previsão no Parque ]],"AAAA") -> 2027 | N41: Criar RC | O41: -2 | P41: 46234
A42: =_xlfn.CONCAT(B42,D42) -> GP127960B865 | B42: GP127960 | C42: GENERIC G9X ELECTRIC ROTATING JOINT STD | D42: B865 | E42: TERRA SANTA | F42: 4 | G42: =IFERROR(VLOOKUP(A42,'Est. Parq.'!A:J,10,0),0) -> 0 | H42: =Tabela1[[#This Row],[Estoque Parque]]-Tabela1[[#This Row],[LRR]] -> -4 | I42: =SUMIF(SQVI!B:B,Base!A36,SQVI!V:V) -> 0 | J42: 46388 | K42: =UPPER(TEXT(Tabela1[[#This Row],[Previsão no Parque ]],"mmm/aaaa")) -> JAN/2027 | L42: =TEXT(Tabela1[[#This Row],[Previsão no Parque ]],"MMMM") -> janeiro | M42: =TEXT(Tabela1[[#This Row],[Previsão no Parque ]],"AAAA") -> 2027 | N42: Entregue parcial | O42: -1 | P42: 46225
A43: =_xlfn.CONCAT(B43,D43) -> GP127960B864 | B43: GP127960 | C43: GENERIC G9X ELECTRIC ROTATING JOINT STD | D43: B864 | E43: MARAL | F43: 2 | G43: =IFERROR(VLOOKUP(A43,'Est. Parq.'!A:J,10,0),0) -> 0 | H43: =Tabela1[[#This Row],[Estoque Parque]]-Tabela1[[#This Row],[LRR]] -> -2 | I43: =SUMIF(SQVI!B:B,Base!A37,SQVI!V:V) -> 0 | J43: 46388 | K43: =UPPER(TEXT(Tabela1[[#This Row],[Previsão no Parque ]],"mmm/aaaa")) -> JAN/2027 | L43: =TEXT(Tabela1[[#This Row],[Previsão no Parque ]],"MMMM") -> janeiro | M43: =TEXT(Tabela1[[#This Row],[Previsão no Parque ]],"AAAA") -> 2027 | N43: Pendente
A44: =_xlfn.CONCAT(B44,D44) -> GP131157B864 | B44: GP131157 | C44: COTTON CLOTHS PACKAGE | D44: B864 | E44: MARAL | F44: 50 | G44: =IFERROR(VLOOKUP(A44,'Est. Parq.'!A:J,10,0),0) -> 304 | H44: =Tabela1[[#This Row],[Estoque Parque]]-Tabela1[[#This Row],[LRR]] -> 254 | I44: =SUMIF(SQVI!B:B,Base!A39,SQVI!V:V) -> 0 | J44: 46296 | K44: =UPPER(TEXT(Tabela1[[#This Row],[Previsão no Parque ]],"mmm/aaaa")) -> OUT/2026 | L44: =TEXT(Tabela1[[#This Row],[Previsão no Parque ]],"MMMM") -> outubro | M44: =TEXT(Tabela1[[#This Row],[Previsão no Parque ]],"AAAA") -> 2026 | N44: Em rota | O44: 250 | P44: 46317
A45: =_xlfn.CONCAT(B45,D45) -> GP135716B825 | B45: GP135716 | C45: AXIAL FAN 230V 80W 544CFM JASON | D45: B825 | E45: BLOCO NORTE SUL (BNS) | F45: 2 | G45: =IFERROR(VLOOKUP(A45,'Est. Parq.'!A:J,10,0),0) -> 8 | H45: =Tabela1[[#This Row],[Estoque Parque]]-Tabela1[[#This Row],[LRR]] -> 6 | I45: =SUMIF(SQVI!B:B,Base!A40,SQVI!V:V) -> 0 | J45: 46327 | K45: =UPPER(TEXT(Tabela1[[#This Row],[Previsão no Parque ]],"mmm/aaaa")) -> NOV/2026 | L45: =TEXT(Tabela1[[#This Row],[Previsão no Parque ]],"MMMM") -> novembro | M45: =TEXT(Tabela1[[#This Row],[Previsão no Parque ]],"AAAA") -> 2026 | N45: Pendente
A46: =_xlfn.CONCAT(B46,D46) -> GP145852B832 | B46: GP145852 | C46: ENCODER HOG 9 DN2048 I WITH CONNECTOR | D46: B832 | E46: UNIÃO DOS VENTOS (UDV) | F46: 4 | G46: =IFERROR(VLOOKUP(A46,'Est. Parq.'!A:J,10,0),0) -> 2 | H46: =Tabela1[[#This Row],[Estoque Parque]]-Tabela1[[#This Row],[LRR]] -> -2 | I46: =SUMIF(SQVI!B:B,Base!A41,SQVI!V:V) -> 0 | J46: 46235 | K46: =UPPER(TEXT(Tabela1[[#This Row],[Previsão no Parque ]],"mmm/aaaa")) -> AGO/2026 | L46: =TEXT(Tabela1[[#This Row],[Previsão no Parque ]],"MMMM") -> agosto | M46: =TEXT(Tabela1[[#This Row],[Previsão no Parque ]],"AAAA") -> 2026 | N46: Entregue | O46: -1 | P46: 46247
A47: =_xlfn.CONCAT(B47,D47) -> GP224705B864 | B47: GP224705 | C47: TER YAW SENSOR M18 Z12 | D47: B864 | E47: MARAL | G47: =IFERROR(VLOOKUP(A47,'Est. Parq.'!A:J,10,0),0) -> 0 | H47: =Tabela1[[#This Row],[Estoque Parque]]-Tabela1[[#This Row],[LRR]] -> 0 | I47: =SUMIF(SQVI!B:B,Base!A43,SQVI!V:V) -> 0 | J47: 46447 | K47: =UPPER(TEXT(Tabela1[[#This Row],[Previsão no Parque ]],"mmm/aaaa")) -> MAR/2027 | L47: =TEXT(Tabela1[[#This Row],[Previsão no Parque ]],"MMMM") -> março | M47: =TEXT(Tabela1[[#This Row],[Previsão no Parque ]],"AAAA") -> 2027 | N47: Pendente
A48: =_xlfn.CONCAT(B48,D48) -> GP224705B865 | B48: GP224705 | C48: TER YAW SENSOR M18 Z12 | D48: B865 | E48: TERRA SANTA | G48: =IFERROR(VLOOKUP(A48,'Est. Parq.'!A:J,10,0),0) -> 1 | H48: =Tabela1[[#This Row],[Estoque Parque]]-Tabela1[[#This Row],[LRR]] -> 1 | I48: =SUMIF(SQVI!B:B,Base!A42,SQVI!V:V) -> 0 | J48: 46388 | K48: =UPPER(TEXT(Tabela1[[#This Row],[Previsão no Parque ]],"mmm/aaaa")) -> JAN/2027 | L48: =TEXT(Tabela1[[#This Row],[Previsão no Parque ]],"MMMM") -> janeiro | M48: =TEXT(Tabela1[[#This Row],[Previsão no Parque ]],"AAAA") -> 2027 | N48: Pendente
A49: =_xlfn.CONCAT(B49,D49) -> GP249817B838 | B49: GP249817 | C49: FAN_JAS_FJ28082MAB | D49: B838 | E49: VACI | F49: 3 | G49: =IFERROR(VLOOKUP(A49,'Est. Parq.'!A:J,10,0),0) -> 3 | H49: =Tabela1[[#This Row],[Estoque Parque]]-Tabela1[[#This Row],[LRR]] -> 0 | I49: =SUMIF(SQVI!B:B,Base!A45,SQVI!V:V) -> 0 | J49: 46296 | K49: =UPPER(TEXT(Tabela1[[#This Row],[Previsão no Parque ]],"mmm/aaaa")) -> OUT/2026 | L49: =TEXT(Tabela1[[#This Row],[Previsão no Parque ]],"MMMM") -> outubro | M49: =TEXT(Tabela1[[#This Row],[Previsão no Parque ]],"AAAA") -> 2026 | N49: Em rota | O49: -1 | P49: 46325
A50: =_xlfn.CONCAT(B50,D50) -> GP249817B856 | B50: GP249817 | C50: FAN_JAS_FJ28082MAB | D50: B856 | E50: VSMI | F50: 2 | G50: =IFERROR(VLOOKUP(A50,'Est. Parq.'!A:J,10,0),0) -> 12 | H50: =Tabela1[[#This Row],[Estoque Parque]]-Tabela1[[#This Row],[LRR]] -> 10 | I50: =SUMIF(SQVI!B:B,Base!A46,SQVI!V:V) -> 0 | J50: 46235 | K50: =UPPER(TEXT(Tabela1[[#This Row],[Previsão no Parque ]],"mmm/aaaa")) -> AGO/2026 | L50: =TEXT(Tabela1[[#This Row],[Previsão no Parque ]],"MMMM") -> agosto | M50: =TEXT(Tabela1[[#This Row],[Previsão no Parque ]],"AAAA") -> 2026 | N50: Entregue | O50: -5 | P50: 46234
A51: =_xlfn.CONCAT(B51,D51) -> GP249817B867 | B51: GP249817 | C51: FAN_JAS_FJ28082MAB | D51: B867 | E51: VSMIII | F51: 2 | G51: =IFERROR(VLOOKUP(A51,'Est. Parq.'!A:J,10,0),0) -> 17 | H51: =Tabela1[[#This Row],[Estoque Parque]]-Tabela1[[#This Row],[LRR]] -> 15 | I51: =SUMIF(SQVI!B:B,Base!A48,SQVI!V:V) -> 0 | J51: 46235 | K51: =UPPER(TEXT(Tabela1[[#This Row],[Previsão no Parque ]],"mmm/aaaa")) -> AGO/2026 | L51: =TEXT(Tabela1[[#This Row],[Previsão no Parque ]],"MMMM") -> agosto | M51: =TEXT(Tabela1[[#This Row],[Previsão no Parque ]],"AAAA") -> 2026 | N51: Entregue | O51: -4 | P51: 46234
A52: =_xlfn.CONCAT(B52,D52) -> GP254146B864 | B52: GP254146 | C52: RELIEF VALVE RV1-10-C-0-30 | D52: B864 | E52: MARAL | G52: =IFERROR(VLOOKUP(A52,'Est. Parq.'!A:J,10,0),0) -> 0 | H52: =Tabela1[[#This Row],[Estoque Parque]]-Tabela1[[#This Row],[LRR]] -> 0 | I52: =SUMIF(SQVI!B:B,Base!A50,SQVI!V:V) -> 10 | J52: 46296 | K52: =UPPER(TEXT(Tabela1[[#This Row],[Previsão no Parque ]],"mmm/aaaa")) -> OUT/2026 | L52: =TEXT(Tabela1[[#This Row],[Previsão no Parque ]],"MMMM") -> outubro | M52: =TEXT(Tabela1[[#This Row],[Previsão no Parque ]],"AAAA") -> 2026 | N52: Em rota | O52: 2 | P52: 46325 | Q52: Embarcado no roteiro para B865 3 unids
A53: =_xlfn.CONCAT(B53,D53) -> GP254146B865 | B53: GP254146 | C53: RELIEF VALVE RV1-10-C-0-30 | D53: B865 | E53: TERRA SANTA | G53: =IFERROR(VLOOKUP(A53,'Est. Parq.'!A:J,10,0),0) -> 3 | H53: =Tabela1[[#This Row],[Estoque Parque]]-Tabela1[[#This Row],[LRR]] -> 3 | I53: =SUMIF(SQVI!B:B,Base!A49,SQVI!V:V) -> 10 | J53: 46266 | K53: =UPPER(TEXT(Tabela1[[#This Row],[Previsão no Parque ]],"mmm/aaaa")) -> SET/2026 | L53: =TEXT(Tabela1[[#This Row],[Previsão no Parque ]],"MMMM") -> setembro | M53: =TEXT(Tabela1[[#This Row],[Previsão no Parque ]],"AAAA") -> 2026 | N53: Entregue | O53: 3
A54: =_xlfn.CONCAT(B54,D54) -> GP269250B864 | B54: GP269250 | C54: DIRECTIONAL VALVE DG4V32AMUH760 | D54: B864 | E54: MARAL | F54: 2 | G54: =IFERROR(VLOOKUP(A54,'Est. Parq.'!A:J,10,0),0) -> 3 | H54: =Tabela1[[#This Row],[Estoque Parque]]-Tabela1[[#This Row],[LRR]] -> 1 | I54: =SUMIF(SQVI!B:B,Base!A52,SQVI!V:V) -> 0 | J54: 46296 | K54: =UPPER(TEXT(Tabela1[[#This Row],[Previsão no Parque ]],"mmm/aaaa")) -> OUT/2026 | L54: =TEXT(Tabela1[[#This Row],[Previsão no Parque ]],"MMMM") -> outubro | M54: =TEXT(Tabela1[[#This Row],[Previsão no Parque ]],"AAAA") -> 2026 | N54: Em rota | O54: 1 | P54: 46325
A55: =_xlfn.CONCAT(B55,D55) -> GP269250B865 | B55: GP269250 | C55: DIRECTIONAL VALVE DG4V32AMUH760 | D55: B865 | E55: TERRA SANTA | F55: 3 | G55: =IFERROR(VLOOKUP(A55,'Est. Parq.'!A:J,10,0),0) -> 4 | H55: =Tabela1[[#This Row],[Estoque Parque]]-Tabela1[[#This Row],[LRR]] -> 1 | I55: =SUMIF(SQVI!B:B,Base!A51,SQVI!V:V) -> 13 | J55: 46296 | K55: =UPPER(TEXT(Tabela1[[#This Row],[Previsão no Parque ]],"mmm/aaaa")) -> OUT/2026 | L55: =TEXT(Tabela1[[#This Row],[Previsão no Parque ]],"MMMM") -> outubro | M55: =TEXT(Tabela1[[#This Row],[Previsão no Parque ]],"AAAA") -> 2026 | N55: Em rota | O55: 3 | P55: 46325
A56: =_xlfn.CONCAT(B56,D56) -> GP294080B825 | B56: GP294080 | C56: CCU INGECON WIND G9X 2.5KHZ VECT AS3179 | D56: B825 | E56: BLOCO NORTE SUL (BNS) | F56: 3 | G56: =IFERROR(VLOOKUP(A56,'Est. Parq.'!A:J,10,0),0) -> 1 | H56: =Tabela1[[#This Row],[Estoque Parque]]-Tabela1[[#This Row],[LRR]] -> -2 | I56: =SUMIF(SQVI!B:B,Base!A53,SQVI!V:V) -> 0 | J56: * | K56: =UPPER(TEXT(Tabela1[[#This Row],[Previsão no Parque ]],"mmm/aaaa")) -> * | L56: =TEXT(Tabela1[[#This Row],[Previsão no Parque ]],"MMMM") -> * | M56: =TEXT(Tabela1[[#This Row],[Previsão no Parque ]],"AAAA") -> * | N56: Obsoleto
A57: =_xlfn.CONCAT(B57,D57) -> GP295110B825 | B57: GP295110 | C57: H-1SC-20-MFL35-TLML35-NA-NA-C3-3500 | D57: B825 | E57: BLOCO NORTE SUL (BNS) | F57: 2 | G57: =IFERROR(VLOOKUP(A57,'Est. Parq.'!A:J,10,0),0) -> 2 | H57: =Tabela1[[#This Row],[Estoque Parque]]-Tabela1[[#This Row],[LRR]] -> 0 | I57: =SUMIF(SQVI!B:B,Base!A54,SQVI!V:V) -> 0 | J57: 46235 | K57: =UPPER(TEXT(Tabela1[[#This Row],[Previsão no Parque ]],"mmm/aaaa")) -> AGO/2026 | L57: =TEXT(Tabela1[[#This Row],[Previsão no Parque ]],"MMMM") -> agosto | M57: =TEXT(Tabela1[[#This Row],[Previsão no Parque ]],"AAAA") -> 2026 | N57: Entregue | O57: -13 | P57: 46248
A58: =_xlfn.CONCAT(B58,D58) -> GP296945B838 | B58: GP296945 | C58: MOTOR AM 112 B5 M132 S-2_4 5,5kW 400V 50 | D58: B838 | E58: VSMII | F58: 2 | G58: =IFERROR(VLOOKUP(A58,'Est. Parq.'!A:J,10,0),0) -> 3 | H58: =Tabela1[[#This Row],[Estoque Parque]]-Tabela1[[#This Row],[LRR]] -> 1 | I58: =SUMIF(SQVI!B:B,Base!A55,SQVI!V:V) -> 0 | J58: 46266 | K58: =UPPER(TEXT(Tabela1[[#This Row],[Previsão no Parque ]],"mmm/aaaa")) -> SET/2026 | L58: =TEXT(Tabela1[[#This Row],[Previsão no Parque ]],"MMMM") -> setembro | M58: =TEXT(Tabela1[[#This Row],[Previsão no Parque ]],"AAAA") -> 2026 | N58: Entregue | O58: 3 | P58: 46232
A59: =_xlfn.CONCAT(B59,D59) -> GP307720B825 | B59: GP307720 | C59: GENERIC PITCH CYL 140-90-1056 ALIGN.HYD | D59: B825 | E59: BLOCO NORTE SUL (BNS) | F59: 2 | G59: =IFERROR(VLOOKUP(A59,'Est. Parq.'!A:J,10,0),0) -> 1 | H59: =Tabela1[[#This Row],[Estoque Parque]]-Tabela1[[#This Row],[LRR]] -> -1 | I59: =SUMIF(SQVI!B:B,Base!A56,SQVI!V:V) -> 3 | J59: 46266 | K59: =UPPER(TEXT(Tabela1[[#This Row],[Previsão no Parque ]],"mmm/aaaa")) -> SET/2026 | L59: =TEXT(Tabela1[[#This Row],[Previsão no Parque ]],"MMMM") -> setembro | M59: =TEXT(Tabela1[[#This Row],[Previsão no Parque ]],"AAAA") -> 2026 | N59: Entregue | O59: 2
A60: =_xlfn.CONCAT(B60,D60) -> GP335709B825 | B60: GP335709 | C60: B/Y ANTISLIP ADHESIVE TAPE 50MM X 300MM | D60: B825 | E60: BLOCO NORTE SUL (BNS) | F60: 2 | G60: =IFERROR(VLOOKUP(A60,'Est. Parq.'!A:J,10,0),0) -> 6 | H60: =Tabela1[[#This Row],[Estoque Parque]]-Tabela1[[#This Row],[LRR]] -> 4 | I60: =SUMIF(SQVI!B:B,Base!A57,SQVI!V:V) -> 0 | J60: 46266 | K60: =UPPER(TEXT(Tabela1[[#This Row],[Previsão no Parque ]],"mmm/aaaa")) -> SET/2026 | L60: =TEXT(Tabela1[[#This Row],[Previsão no Parque ]],"MMMM") -> setembro | M60: =TEXT(Tabela1[[#This Row],[Previsão no Parque ]],"AAAA") -> 2026 | N60: Entregue | O60: -4 | P60: 46247
A61: =_xlfn.CONCAT(B61,D61) -> GP347294B856 | B61: GP347294 | C61: CNT_MOX_ADP-SCM-STF-S | D61: B856 | E61: VSMI | F61: 2 | G61: =IFERROR(VLOOKUP(A61,'Est. Parq.'!A:J,10,0),0) -> 0 | H61: =Tabela1[[#This Row],[Estoque Parque]]-Tabela1[[#This Row],[LRR]] -> -2 | I61: =SUMIF(SQVI!B:B,Base!A58,SQVI!V:V) -> 0 | J61: 46235 | K61: =UPPER(TEXT(Tabela1[[#This Row],[Previsão no Parque ]],"mmm/aaaa")) -> AGO/2026 | L61: =TEXT(Tabela1[[#This Row],[Previsão no Parque ]],"MMMM") -> agosto | M61: =TEXT(Tabela1[[#This Row],[Previsão no Parque ]],"AAAA") -> 2026 | N61: Entregue parcial | O61: -2 | P61: 46253
A62: =_xlfn.CONCAT(B62,D62) -> GP347778B856 | B62: GP347778 | C62: LAFERT YAW MOTOR 60HZ 3.6KW | D62: B856 | E62: VSMI | F62: 2 | G62: =IFERROR(VLOOKUP(A62,'Est. Parq.'!A:J,10,0),0) -> 8 | H62: =Tabela1[[#This Row],[Estoque Parque]]-Tabela1[[#This Row],[LRR]] -> 6 | I62: =SUMIF(SQVI!B:B,Base!A59,SQVI!V:V) -> 0 | J62: 46235 | K62: =UPPER(TEXT(Tabela1[[#This Row],[Previsão no Parque ]],"mmm/aaaa")) -> AGO/2026 | L62: =TEXT(Tabela1[[#This Row],[Previsão no Parque ]],"MMMM") -> agosto | M62: =TEXT(Tabela1[[#This Row],[Previsão no Parque ]],"AAAA") -> 2026 | N62: Entregue | O62: -10 | P62: 46234
A63: =_xlfn.CONCAT(B63,D63) -> GP347778B857 | B63: GP347778 | C63: LAFERT YAW MOTOR 60HZ 3.6KW | D63: B857 | E63: VSMII | F63: 2 | G63: =IFERROR(VLOOKUP(A63,'Est. Parq.'!A:J,10,0),0) -> 2 | H63: =Tabela1[[#This Row],[Estoque Parque]]-Tabela1[[#This Row],[LRR]] -> 0 | I63: =SUMIF(SQVI!B:B,Base!A60,SQVI!V:V) -> 30 | J63: 46327 | K63: =UPPER(TEXT(Tabela1[[#This Row],[Previsão no Parque ]],"mmm/aaaa")) -> NOV/2026 | L63: =TEXT(Tabela1[[#This Row],[Previsão no Parque ]],"MMMM") -> novembro | M63: =TEXT(Tabela1[[#This Row],[Previsão no Parque ]],"AAAA") -> 2026 | N63: Pendente | Q63: Embarcado no roteiro para B867 13 unids
A64: =_xlfn.CONCAT(B64,D64) -> GP347778B867 | B64: GP347778 | C64: LAFERT YAW MOTOR 60HZ 3.6KW | D64: B867 | E64: VSMIII | F64: 2 | G64: =IFERROR(VLOOKUP(A64,'Est. Parq.'!A:J,10,0),0) -> 1 | H64: =Tabela1[[#This Row],[Estoque Parque]]-Tabela1[[#This Row],[LRR]] -> -1 | I64: =SUMIF(SQVI!B:B,Base!A61,SQVI!V:V) -> 8 | J64: 46296 | K64: =UPPER(TEXT(Tabela1[[#This Row],[Previsão no Parque ]],"mmm/aaaa")) -> OUT/2026 | L64: =TEXT(Tabela1[[#This Row],[Previsão no Parque ]],"MMMM") -> outubro | M64: =TEXT(Tabela1[[#This Row],[Previsão no Parque ]],"AAAA") -> 2026 | N64: Em rota | O64: 6 | P64: 46296
A65: =_xlfn.CONCAT(B65,D65) -> GP351497B838 | B65: GP351497 | C65: INT_WEI_IE-SW-BL05T-5TX_1240850000 | D65: B838 | E65: VACI | G65: =IFERROR(VLOOKUP(A65,'Est. Parq.'!A:J,10,0),0) -> 0 | H65: =Tabela1[[#This Row],[Estoque Parque]]-Tabela1[[#This Row],[LRR]] -> 0 | I65: =SUMIF(SQVI!B:B,Base!A62,SQVI!V:V) -> 0 | J65: 46357 | K65: =UPPER(TEXT(Tabela1[[#This Row],[Previsão no Parque ]],"mmm/aaaa")) -> DEZ/2026 | L65: =TEXT(Tabela1[[#This Row],[Previsão no Parque ]],"MMMM") -> dezembro | M65: =TEXT(Tabela1[[#This Row],[Previsão no Parque ]],"AAAA") -> 2026 | N65: Pendente | Q65: Embarcado no roteiro para B867 2 unids
A66: =_xlfn.CONCAT(B66,D66) -> GP371842B838 | B66: GP371842 | C66: PROPORTIONAL VALVE 50-25L/MIN 10VDC | D66: B838 | E66: VACI | F66: 2 | G66: =IFERROR(VLOOKUP(A66,'Est. Parq.'!A:J,10,0),0) -> 8 | H66: =Tabela1[[#This Row],[Estoque Parque]]-Tabela1[[#This Row],[LRR]] -> 6 | I66: =SUMIF(SQVI!B:B,Base!A63,SQVI!V:V) -> 6 | J66: 46235 | K66: =UPPER(TEXT(Tabela1[[#This Row],[Previsão no Parque ]],"mmm/aaaa")) -> AGO/2026 | L66: =TEXT(Tabela1[[#This Row],[Previsão no Parque ]],"MMMM") -> agosto | M66: =TEXT(Tabela1[[#This Row],[Previsão no Parque ]],"AAAA") -> 2026 | N66: Entregue | O66: -3 | P66: 46253
A67: =_xlfn.CONCAT(B67,D67) -> GP371842B856 | B67: GP371842 | C67: PROPORTIONAL VALVE 50-25L/MIN 10VDC | D67: B856 | E67: VSMI | G67: =IFERROR(VLOOKUP(A67,'Est. Parq.'!A:J,10,0),0) -> 0 | H67: =Tabela1[[#This Row],[Estoque Parque]]-Tabela1[[#This Row],[LRR]] -> 0 | I67: =SUMIF(SQVI!B:B,Base!A64,SQVI!V:V) -> 0 | J67: 46235 | K67: =UPPER(TEXT(Tabela1[[#This Row],[Previsão no Parque ]],"mmm/aaaa")) -> AGO/2026 | L67: =TEXT(Tabela1[[#This Row],[Previsão no Parque ]],"MMMM") -> agosto | M67: =TEXT(Tabela1[[#This Row],[Previsão no Parque ]],"AAAA") -> 2026 | N67: Entregue | O67: -4 | P67: 46253
A68: =_xlfn.CONCAT(B68,D68) -> GP371842B857 | B68: GP371842 | C68: PROPORTIONAL VALVE 50-25L/MIN 10VDC | D68: B857 | E68: VSMII | G68: =IFERROR(VLOOKUP(A68,'Est. Parq.'!A:J,10,0),0) -> 1 | H68: =Tabela1[[#This Row],[Estoque Parque]]-Tabela1[[#This Row],[LRR]] -> 1 | I68: =SUMIF(SQVI!B:B,Base!A65,SQVI!V:V) -> 0 | J68: 46266 | K68: =UPPER(TEXT(Tabela1[[#This Row],[Previsão no Parque ]],"mmm/aaaa")) -> SET/2026 | L68: =TEXT(Tabela1[[#This Row],[Previsão no Parque ]],"MMMM") -> setembro | M68: =TEXT(Tabela1[[#This Row],[Previsão no Parque ]],"AAAA") -> 2026 | N68: Entregue | O68: 3
A69: =_xlfn.CONCAT(B69,D69) -> GP371842B867 | B69: GP371842 | C69: PROPORTIONAL VALVE 50-25L/MIN 10VDC | D69: B867 | E69: VSMIII | F69: 2 | G69: =IFERROR(VLOOKUP(A69,'Est. Parq.'!A:J,10,0),0) -> 5 | H69: =Tabela1[[#This Row],[Estoque Parque]]-Tabela1[[#This Row],[LRR]] -> 3 | I69: =SUMIF(SQVI!B:B,Base!A66,SQVI!V:V) -> 0 | J69: 46296 | K69: =UPPER(TEXT(Tabela1[[#This Row],[Previsão no Parque ]],"mmm/aaaa")) -> OUT/2026 | L69: =TEXT(Tabela1[[#This Row],[Previsão no Parque ]],"MMMM") -> outubro | M69: =TEXT(Tabela1[[#This Row],[Previsão no Parque ]],"AAAA") -> 2026 | N69: Em rota | O69: 3 | P69: 46325
A70: =_xlfn.CONCAT(B70,D70) -> GP410281B856 | B70: GP410281 | C70: ROD SEAL 105/120.1X6.3 M12T | D70: B856 | E70: VSMI | G70: =IFERROR(VLOOKUP(A70,'Est. Parq.'!A:J,10,0),0) -> 0 | H70: =Tabela1[[#This Row],[Estoque Parque]]-Tabela1[[#This Row],[LRR]] -> 0 | I70: =SUMIF(SQVI!B:B,Base!A67,SQVI!V:V) -> 0 | J70: 46235 | K70: =UPPER(TEXT(Tabela1[[#This Row],[Previsão no Parque ]],"mmm/aaaa")) -> AGO/2026 | L70: =TEXT(Tabela1[[#This Row],[Previsão no Parque ]],"MMMM") -> agosto | M70: =TEXT(Tabela1[[#This Row],[Previsão no Parque ]],"AAAA") -> 2026 | N70: Entregue | O70: -4 | P70: 46253
A71: =_xlfn.CONCAT(B71,D71) -> GP410281B857 | B71: GP410281 | C71: ROD SEAL 105/120.1X6.3 M12T | D71: B857 | E71: VSMII | G71: =IFERROR(VLOOKUP(A71,'Est. Parq.'!A:J,10,0),0) -> 0 | H71: =Tabela1[[#This Row],[Estoque Parque]]-Tabela1[[#This Row],[LRR]] -> 0 | I71: =SUMIF(SQVI!B:B,Base!A68,SQVI!V:V) -> 3 | J71: 46296 | K71: =UPPER(TEXT(Tabela1[[#This Row],[Previsão no Parque ]],"mmm/aaaa")) -> OUT/2026 | L71: =TEXT(Tabela1[[#This Row],[Previsão no Parque ]],"MMMM") -> outubro | M71: =TEXT(Tabela1[[#This Row],[Previsão no Parque ]],"AAAA") -> 2026 | N71: Em rota | O71: 10 | P71: 46325
A72: =_xlfn.CONCAT(B72,D72) -> GP410281B867 | B72: GP410281 | C72: ROD SEAL 105/120.1X6.3 M12T | D72: B867 | E72: VSMIII | G72: =IFERROR(VLOOKUP(A72,'Est. Parq.'!A:J,10,0),0) -> 0 | H72: =Tabela1[[#This Row],[Estoque Parque]]-Tabela1[[#This Row],[LRR]] -> 0 | I72: =SUMIF(SQVI!B:B,Base!A69,SQVI!V:V) -> 3 | J72: 46296 | K72: =UPPER(TEXT(Tabela1[[#This Row],[Previsão no Parque ]],"mmm/aaaa")) -> OUT/2026 | L72: =TEXT(Tabela1[[#This Row],[Previsão no Parque ]],"MMMM") -> outubro | M72: =TEXT(Tabela1[[#This Row],[Previsão no Parque ]],"AAAA") -> 2026 | N72: Em rota | O72: 10 | P72: 46325
A73: =_xlfn.CONCAT(B73,D73) -> GP410281B865 | B73: GP410281 | C73: ROD SEAL 105/120.1X6.3 M12T | D73: B865 | E73: TERRA SANTA | F73: 15 | G73: =IFERROR(VLOOKUP(A73,'Est. Parq.'!A:J,10,0),0) -> 7 | H73: =Tabela1[[#This Row],[Estoque Parque]]-Tabela1[[#This Row],[LRR]] -> -8 | I73: =SUMIF(SQVI!B:B,Base!A70,SQVI!V:V) -> 0 | J73: 46296 | K73: =UPPER(TEXT(Tabela1[[#This Row],[Previsão no Parque ]],"mmm/aaaa")) -> OUT/2026 | L73: =TEXT(Tabela1[[#This Row],[Previsão no Parque ]],"MMMM") -> outubro | M73: =TEXT(Tabela1[[#This Row],[Previsão no Parque ]],"AAAA") -> 2026 | N73: Em rota | O73: 7 | P73: 46325
A74: =_xlfn.CONCAT(B74,D74) -> GP410281B864 | B74: GP410281 | C74: ROD SEAL 105/120.1X6.3 M12T | D74: B864 | E74: MARAL | F74: 15 | G74: =IFERROR(VLOOKUP(A74,'Est. Parq.'!A:J,10,0),0) -> 15 | H74: =Tabela1[[#This Row],[Estoque Parque]]-Tabela1[[#This Row],[LRR]] -> 0 | I74: =SUMIF(SQVI!B:B,Base!A71,SQVI!V:V) -> 0 | J74: 46327 | K74: =UPPER(TEXT(Tabela1[[#This Row],[Previsão no Parque ]],"mmm/aaaa")) -> NOV/2026 | L74: =TEXT(Tabela1[[#This Row],[Previsão no Parque ]],"MMMM") -> novembro | M74: =TEXT(Tabela1[[#This Row],[Previsão no Parque ]],"AAAA") -> 2026 | N74: Pendente
A75: =_xlfn.CONCAT(B75,D75) -> GP410282B856 | B75: GP410282 | C75: ROD SEAL 105/120.1X6.3 M12T | D75: B856 | E75: VSMI | F75: 6 | G75: =IFERROR(VLOOKUP(A75,'Est. Parq.'!A:J,10,0),0) -> 2 | H75: =Tabela1[[#This Row],[Estoque Parque]]-Tabela1[[#This Row],[LRR]] -> -4 | I75: =SUMIF(SQVI!B:B,Base!A72,SQVI!V:V) -> 0 | J75: 46296 | K75: =UPPER(TEXT(Tabela1[[#This Row],[Previsão no Parque ]],"mmm/aaaa")) -> OUT/2026 | L75: =TEXT(Tabela1[[#This Row],[Previsão no Parque ]],"MMMM") -> outubro | M75: =TEXT(Tabela1[[#This Row],[Previsão no Parque ]],"AAAA") -> 2026 | N75: Em rota | O75: 10 | P75: 46300
A76: =_xlfn.CONCAT(B76,D76) -> GP410282B857 | B76: GP410282 | C76: ROD SEAL 105/120.1X6.3 M12T | D76: B857 | E76: VSMII | F76: 8 | G76: =IFERROR(VLOOKUP(A76,'Est. Parq.'!A:J,10,0),0) -> 31 | H76: =Tabela1[[#This Row],[Estoque Parque]]-Tabela1[[#This Row],[LRR]] -> 23 | I76: =SUMIF(SQVI!B:B,Base!A73,SQVI!V:V) -> 0 | J76: 46296 | K76: =UPPER(TEXT(Tabela1[[#This Row],[Previsão no Parque ]],"mmm/aaaa")) -> OUT/2026 | L76: =TEXT(Tabela1[[#This Row],[Previsão no Parque ]],"MMMM") -> outubro | M76: =TEXT(Tabela1[[#This Row],[Previsão no Parque ]],"AAAA") -> 2026 | N76: Em rota | O76: 30 | P76: 46314
A77: =_xlfn.CONCAT(B77,D77) -> GP410282B867 | B77: GP410282 | C77: ROD SEAL 105/120.1X6.3 M12T | D77: B867 | E77: VSMIII | F77: 2 | G77: =IFERROR(VLOOKUP(A77,'Est. Parq.'!A:J,10,0),0) -> 20 | H77: =Tabela1[[#This Row],[Estoque Parque]]-Tabela1[[#This Row],[LRR]] -> 18 | I77: =SUMIF(SQVI!B:B,Base!A74,SQVI!V:V) -> 0 | J77: 46296 | K77: =UPPER(TEXT(Tabela1[[#This Row],[Previsão no Parque ]],"mmm/aaaa")) -> OUT/2026 | L77: =TEXT(Tabela1[[#This Row],[Previsão no Parque ]],"MMMM") -> outubro | M77: =TEXT(Tabela1[[#This Row],[Previsão no Parque ]],"AAAA") -> 2026 | N77: Em rota | O77: 30 | P77: 46314
A78: =_xlfn.CONCAT(B78,D78) -> GP410282B865 | B78: GP410282 | C78: ROD SEAL 105/120.1X6.3 M12T | D78: B865 | E78: TERRA SANTA | F78: 15 | G78: =IFERROR(VLOOKUP(A78,'Est. Parq.'!A:J,10,0),0) -> 9 | H78: =Tabela1[[#This Row],[Estoque Parque]]-Tabela1[[#This Row],[LRR]] -> -6 | I78: =SUMIF(SQVI!B:B,Base!A75,SQVI!V:V) -> 0 | J78: 46296 | K78: =UPPER(TEXT(Tabela1[[#This Row],[Previsão no Parque ]],"mmm/aaaa")) -> OUT/2026 | L78: =TEXT(Tabela1[[#This Row],[Previsão no Parque ]],"MMMM") -> outubro | M78: =TEXT(Tabela1[[#This Row],[Previsão no Parque ]],"AAAA") -> 2026 | N78: Em rota | O78: 6 | P78: 46325
A79: =_xlfn.CONCAT(B79,D79) -> GP410282B864 | B79: GP410282 | C79: ROD SEAL 105/120.1X6.3 M12T | D79: B864 | E79: MARAL | F79: 15 | G79: =IFERROR(VLOOKUP(A79,'Est. Parq.'!A:J,10,0),0) -> 15 | H79: =Tabela1[[#This Row],[Estoque Parque]]-Tabela1[[#This Row],[LRR]] -> 0 | I79: =SUMIF(SQVI!B:B,Base!A76,SQVI!V:V) -> 0 | J79: 46296 | K79: =UPPER(TEXT(Tabela1[[#This Row],[Previsão no Parque ]],"mmm/aaaa")) -> OUT/2026 | L79: =TEXT(Tabela1[[#This Row],[Previsão no Parque ]],"MMMM") -> outubro | M79: =TEXT(Tabela1[[#This Row],[Previsão no Parque ]],"AAAA") -> 2026 | N79: Em rota | O79: 3 | P79: 46314
A80: =_xlfn.CONCAT(B80,D80) -> GP411469B856 | B80: GP411469 | C80: MOTOR 2P 112M 3.53KW B14 400VD 35HZ | D80: B856 | E80: VSMI | F80: 2 | G80: =IFERROR(VLOOKUP(A80,'Est. Parq.'!A:J,10,0),0) -> 0 | H80: =Tabela1[[#This Row],[Estoque Parque]]-Tabela1[[#This Row],[LRR]] -> -2 | I80: =SUMIF(SQVI!B:B,Base!A77,SQVI!V:V) -> 0 | J80: 46235 | K80: =UPPER(TEXT(Tabela1[[#This Row],[Previsão no Parque ]],"mmm/aaaa")) -> AGO/2026 | L80: =TEXT(Tabela1[[#This Row],[Previsão no Parque ]],"MMMM") -> agosto | M80: =TEXT(Tabela1[[#This Row],[Previsão no Parque ]],"AAAA") -> 2026 | N80: Entregue parcial | O80: -2 | P80: 46253
A81: =_xlfn.CONCAT(B81,D81) -> GP411469B857 | B81: GP411469 | C81: MOTOR 2P 112M 3.53KW B14 400VD 35HZ | D81: B857 | E81: VSMII | F81: 2 | G81: =IFERROR(VLOOKUP(A81,'Est. Parq.'!A:J,10,0),0) -> 7 | H81: =Tabela1[[#This Row],[Estoque Parque]]-Tabela1[[#This Row],[LRR]] -> 5 | I81: =SUMIF(SQVI!B:B,Base!A78,SQVI!V:V) -> 0 | J81: 46235 | K81: =UPPER(TEXT(Tabela1[[#This Row],[Previsão no Parque ]],"mmm/aaaa")) -> AGO/2026 | L81: =TEXT(Tabela1[[#This Row],[Previsão no Parque ]],"MMMM") -> agosto | M81: =TEXT(Tabela1[[#This Row],[Previsão no Parque ]],"AAAA") -> 2026 | N81: Entregue | O81: -6 | P81: 46234
A82: =_xlfn.CONCAT(B82,D82) -> GP411469B867 | B82: GP411469 | C82: MOTOR 2P 112M 3.53KW B14 400VD 35HZ | D82: B867 | E82: VSMIII | F82: 2 | G82: =IFERROR(VLOOKUP(A82,'Est. Parq.'!A:J,10,0),0) -> 0 | H82: =Tabela1[[#This Row],[Estoque Parque]]-Tabela1[[#This Row],[LRR]] -> -2 | I82: =SUMIF(SQVI!B:B,Base!A79,SQVI!V:V) -> 0 | J82: 46447 | K82: =UPPER(TEXT(Tabela1[[#This Row],[Previsão no Parque ]],"mmm/aaaa")) -> MAR/2027 | L82: =TEXT(Tabela1[[#This Row],[Previsão no Parque ]],"MMMM") -> março | M82: =TEXT(Tabela1[[#This Row],[Previsão no Parque ]],"AAAA") -> 2027 | N82: Pendente
A83: =_xlfn.CONCAT(B83,D83) -> GP422280B856 | B83: GP422280 | C83: FRECUENCY CONVERTER_SCH_ATV320U40N4B | D83: B856 | E83: VSMI | F83: 2 | G83: =IFERROR(VLOOKUP(A83,'Est. Parq.'!A:J,10,0),0) -> 0 | H83: =Tabela1[[#This Row],[Estoque Parque]]-Tabela1[[#This Row],[LRR]] -> -2 | I83: =SUMIF(SQVI!B:B,Base!A80,SQVI!V:V) -> 0 | J83: 46235 | K83: =UPPER(TEXT(Tabela1[[#This Row],[Previsão no Parque ]],"mmm/aaaa")) -> AGO/2026 | L83: =TEXT(Tabela1[[#This Row],[Previsão no Parque ]],"MMMM") -> agosto | M83: =TEXT(Tabela1[[#This Row],[Previsão no Parque ]],"AAAA") -> 2026 | N83: Entregue parcial | O83: -2 | P83: 46253
A84: =_xlfn.CONCAT(B84,D84) -> GP422280B857 | B84: GP422280 | C84: FRECUENCY CONVERTER_SCH_ATV320U40N4B | D84: B857 | E84: VSMII | F84: 2 | G84: =IFERROR(VLOOKUP(A84,'Est. Parq.'!A:J,10,0),0) -> 1 | H84: =Tabela1[[#This Row],[Estoque Parque]]-Tabela1[[#This Row],[LRR]] -> -1 | I84: =SUMIF(SQVI!B:B,Base!A81,SQVI!V:V) -> 0 | J84: 46235 | K84: =UPPER(TEXT(Tabela1[[#This Row],[Previsão no Parque ]],"mmm/aaaa")) -> AGO/2026 | L84: =TEXT(Tabela1[[#This Row],[Previsão no Parque ]],"MMMM") -> agosto | M84: =TEXT(Tabela1[[#This Row],[Previsão no Parque ]],"AAAA") -> 2026 | N84: Entregue parcial | O84: -1 | P84: 46252
A85: =_xlfn.CONCAT(B85,D85) -> GP422280B867 | B85: GP422280 | C85: FRECUENCY CONVERTER_SCH_ATV320U40N4B | D85: B867 | E85: VSMIII | F85: 2 | G85: =IFERROR(VLOOKUP(A85,'Est. Parq.'!A:J,10,0),0) -> 0 | H85: =Tabela1[[#This Row],[Estoque Parque]]-Tabela1[[#This Row],[LRR]] -> -2 | I85: =SUMIF(SQVI!B:B,Base!A82,SQVI!V:V) -> 2 | J85: 46296 | K85: =UPPER(TEXT(Tabela1[[#This Row],[Previsão no Parque ]],"mmm/aaaa")) -> OUT/2026 | L85: =TEXT(Tabela1[[#This Row],[Previsão no Parque ]],"MMMM") -> outubro | M85: =TEXT(Tabela1[[#This Row],[Previsão no Parque ]],"AAAA") -> 2026 | N85: Em rota | O85: 3 | P85: 46325
A86: =_xlfn.CONCAT(B86,D86) -> GP422280B865 | B86: GP422280 | C86: FRECUENCY CONVERTER_SCH_ATV320U40N4B | D86: B865 | E86: TERRA SANTA | F86: 3 | G86: =IFERROR(VLOOKUP(A86,'Est. Parq.'!A:J,10,0),0) -> 0 | H86: =Tabela1[[#This Row],[Estoque Parque]]-Tabela1[[#This Row],[LRR]] -> -3 | I86: =SUMIF(SQVI!B:B,Base!A83,SQVI!V:V) -> 2 | J86: 46296 | K86: =UPPER(TEXT(Tabela1[[#This Row],[Previsão no Parque ]],"mmm/aaaa")) -> OUT/2026 | L86: =TEXT(Tabela1[[#This Row],[Previsão no Parque ]],"MMMM") -> outubro | M86: =TEXT(Tabela1[[#This Row],[Previsão no Parque ]],"AAAA") -> 2026 | N86: Em rota | O86: 2 | P86: 46325
A87: =_xlfn.CONCAT(B87,D87) -> GP422280B864 | B87: GP422280 | C87: FRECUENCY CONVERTER_SCH_ATV320U40N4B | D87: B864 | E87: MARAL | F87: 1 | G87: =IFERROR(VLOOKUP(A87,'Est. Parq.'!A:J,10,0),0) -> 1 | H87: =Tabela1[[#This Row],[Estoque Parque]]-Tabela1[[#This Row],[LRR]] -> 0 | I87: =SUMIF(SQVI!B:B,Base!A84,SQVI!V:V) -> 0 | J87: 46327 | K87: =UPPER(TEXT(Tabela1[[#This Row],[Previsão no Parque ]],"mmm/aaaa")) -> NOV/2026 | L87: =TEXT(Tabela1[[#This Row],[Previsão no Parque ]],"MMMM") -> novembro | M87: =TEXT(Tabela1[[#This Row],[Previsão no Parque ]],"AAAA") -> 2026 | N87: Pendente
A88: =_xlfn.CONCAT(B88,D88) -> GP459925B856 | B88: GP459925 | C88: GEN PITCH CYLINDER 160-105-1175 HC HD | D88: B856 | E88: VSMI | G88: =IFERROR(VLOOKUP(A88,'Est. Parq.'!A:J,10,0),0) -> 1 | H88: =Tabela1[[#This Row],[Estoque Parque]]-Tabela1[[#This Row],[LRR]] -> 1 | I88: =SUMIF(SQVI!B:B,Base!A85,SQVI!V:V) -> 0 | J88: 46327 | K88: =UPPER(TEXT(Tabela1[[#This Row],[Previsão no Parque ]],"mmm/aaaa")) -> NOV/2026 | L88: =TEXT(Tabela1[[#This Row],[Previsão no Parque ]],"MMMM") -> novembro | M88: =TEXT(Tabela1[[#This Row],[Previsão no Parque ]],"AAAA") -> 2026 | N88: Pendente
A89: =_xlfn.CONCAT(B89,D89) -> GP459925B857 | B89: GP459925 | C89: GEN PITCH CYLINDER 160-105-1175 HC HD | D89: B857 | E89: VSMII | G89: =IFERROR(VLOOKUP(A89,'Est. Parq.'!A:J,10,0),0) -> 0 | H89: =Tabela1[[#This Row],[Estoque Parque]]-Tabela1[[#This Row],[LRR]] -> 0 | I89: =SUMIF(SQVI!B:B,Base!A86,SQVI!V:V) -> 8 | J89: 46388 | K89: =UPPER(TEXT(Tabela1[[#This Row],[Previsão no Parque ]],"mmm/aaaa")) -> JAN/2027 | L89: =TEXT(Tabela1[[#This Row],[Previsão no Parque ]],"MMMM") -> janeiro | M89: =TEXT(Tabela1[[#This Row],[Previsão no Parque ]],"AAAA") -> 2027 | N89: Criar RC | Q89: RC apenas para B856
A90: =_xlfn.CONCAT(B90,D90) -> GP459925B867 | B90: GP459925 | C90: GEN PITCH CYLINDER 160-105-1175 HC HD | D90: B867 | E90: VSMIII | G90: =IFERROR(VLOOKUP(A90,'Est. Parq.'!A:J,10,0),0) -> 0 | H90: =Tabela1[[#This Row],[Estoque Parque]]-Tabela1[[#This Row],[LRR]] -> 0 | I90: =SUMIF(SQVI!B:B,Base!A87,SQVI!V:V) -> 3 | J90: 46357 | K90: =UPPER(TEXT(Tabela1[[#This Row],[Previsão no Parque ]],"mmm/aaaa")) -> DEZ/2026 | L90: =TEXT(Tabela1[[#This Row],[Previsão no Parque ]],"MMMM") -> dezembro | M90: =TEXT(Tabela1[[#This Row],[Previsão no Parque ]],"AAAA") -> 2026 | N90: Criar RC | Q90: Chegou no Brasil, Desembaraço
A91: =_xlfn.CONCAT(B91,D91) -> GP467716B838 | B91: GP467716 | C91: SPARE KIT IGBT MOD + ADAPT BOARD_ AS3347 | D91: B838 | E91: VACI | F91: 9 | G91: =IFERROR(VLOOKUP(A91,'Est. Parq.'!A:J,10,0),0) -> 0 | H91: =Tabela1[[#This Row],[Estoque Parque]]-Tabela1[[#This Row],[LRR]] -> -9 | I91: =SUMIF(SQVI!B:B,Base!A88,SQVI!V:V) -> 2 | J91: 46296 | K91: =UPPER(TEXT(Tabela1[[#This Row],[Previsão no Parque ]],"mmm/aaaa")) -> OUT/2026 | L91: =TEXT(Tabela1[[#This Row],[Previsão no Parque ]],"MMMM") -> outubro | M91: =TEXT(Tabela1[[#This Row],[Previsão no Parque ]],"AAAA") -> 2026 | N91: Em rota | O91: 3 | P91: 46325 | Q91: Alternativo GP589979
A92: =_xlfn.CONCAT(B92,D92) -> GP486500B832 | B92: GP486500 | C92: BAS-PLC-BPT-24DC/21-2900445 | D92: B832 | E92: UNIÃO DOS VENTOS (UDV) | F92: 5 | G92: =IFERROR(VLOOKUP(A92,'Est. Parq.'!A:J,10,0),0) -> 6 | H92: =Tabela1[[#This Row],[Estoque Parque]]-Tabela1[[#This Row],[LRR]] -> 1 | I92: =SUMIF(SQVI!B:B,Base!A89,SQVI!V:V) -> 0 | J92: 46327 | K92: =UPPER(TEXT(Tabela1[[#This Row],[Previsão no Parque ]],"mmm/aaaa")) -> NOV/2026 | L92: =TEXT(Tabela1[[#This Row],[Previsão no Parque ]],"MMMM") -> novembro | M92: =TEXT(Tabela1[[#This Row],[Previsão no Parque ]],"AAAA") -> 2026 | N92: Pendente
A93: =_xlfn.CONCAT(B93,D93) -> GP486500B856 | B93: GP486500 | C93: BAS-PLC-BPT-24DC/21-2900445 | D93: B856 | E93: VSMI | F93: 5 | G93: =IFERROR(VLOOKUP(A93,'Est. Parq.'!A:J,10,0),0) -> 5 | H93: =Tabela1[[#This Row],[Estoque Parque]]-Tabela1[[#This Row],[LRR]] -> 0 | I93: =SUMIF(SQVI!B:B,Base!A90,SQVI!V:V) -> 0 | J93: 46327 | K93: =UPPER(TEXT(Tabela1[[#This Row],[Previsão no Parque ]],"mmm/aaaa")) -> NOV/2026 | L93: =TEXT(Tabela1[[#This Row],[Previsão no Parque ]],"MMMM") -> novembro | M93: =TEXT(Tabela1[[#This Row],[Previsão no Parque ]],"AAAA") -> 2026 | N93: Pendente
A94: =_xlfn.CONCAT(B94,D94) -> GP486500B857 | B94: GP486500 | C94: BAS-PLC-BPT-24DC/21-2900445 | D94: B857 | E94: VSMII | F94: 10 | G94: =IFERROR(VLOOKUP(A94,'Est. Parq.'!A:J,10,0),0) -> 6 | H94: =Tabela1[[#This Row],[Estoque Parque]]-Tabela1[[#This Row],[LRR]] -> -4 | I94: =SUMIF(SQVI!B:B,Base!A91,SQVI!V:V) -> 9 | J94: 46327 | K94: =UPPER(TEXT(Tabela1[[#This Row],[Previsão no Parque ]],"mmm/aaaa")) -> NOV/2026 | L94: =TEXT(Tabela1[[#This Row],[Previsão no Parque ]],"MMMM") -> novembro | M94: =TEXT(Tabela1[[#This Row],[Previsão no Parque ]],"AAAA") -> 2026 | N94: Pendente
A95: =_xlfn.CONCAT(B95,D95) -> GP486500B867 | B95: GP486500 | C95: BAS-PLC-BPT-24DC/21-2900445 | D95: B867 | E95: VSMIII | F95: 9 | G95: =IFERROR(VLOOKUP(A95,'Est. Parq.'!A:J,10,0),0) -> 0 | H95: =Tabela1[[#This Row],[Estoque Parque]]-Tabela1[[#This Row],[LRR]] -> -9 | I95: =SUMIF(SQVI!B:B,Base!A92,SQVI!V:V) -> 5 | J95: 46296 | K95: =UPPER(TEXT(Tabela1[[#This Row],[Previsão no Parque ]],"mmm/aaaa")) -> OUT/2026 | L95: =TEXT(Tabela1[[#This Row],[Previsão no Parque ]],"MMMM") -> outubro | M95: =TEXT(Tabela1[[#This Row],[Previsão no Parque ]],"AAAA") -> 2026 | N95: Em rota | O95: 10 | P95: 46325 | Q95: 64 embarca 60 unid
A96: =_xlfn.CONCAT(B96,D96) -> GP525859B864 | B96: GP525859 | C96: SCRAPER 105/117.2X8.1 M12T | D96: B864 | E96: MARAL | F96: 15 | G96: =IFERROR(VLOOKUP(A96,'Est. Parq.'!A:J,10,0),0) -> 13 | H96: =Tabela1[[#This Row],[Estoque Parque]]-Tabela1[[#This Row],[LRR]] -> -2 | I96: =SUMIF(SQVI!B:B,Base!A97,SQVI!V:V) -> 0 | J96: 46357 | K96: =UPPER(TEXT(Tabela1[[#This Row],[Previsão no Parque ]],"mmm/aaaa")) -> DEZ/2026 | L96: =TEXT(Tabela1[[#This Row],[Previsão no Parque ]],"MMMM") -> dezembro | M96: =TEXT(Tabela1[[#This Row],[Previsão no Parque ]],"AAAA") -> 2026 | N96: Pendente
A97: =_xlfn.CONCAT(B97,D97) -> GP525859B865 | B97: GP525859 | C97: SCRAPER 105/117.2X8.1 M12T | D97: B865 | E97: TERRA SANTA | F97: 15 | G97: =IFERROR(VLOOKUP(A97,'Est. Parq.'!A:J,10,0),0) -> 6 | H97: =Tabela1[[#This Row],[Estoque Parque]]-Tabela1[[#This Row],[LRR]] -> -9 | I97: =SUMIF(SQVI!B:B,Base!A96,SQVI!V:V) -> 0 | J97: 46357 | K97: =UPPER(TEXT(Tabela1[[#This Row],[Previsão no Parque ]],"mmm/aaaa")) -> DEZ/2026 | L97: =TEXT(Tabela1[[#This Row],[Previsão no Parque ]],"MMMM") -> dezembro | M97: =TEXT(Tabela1[[#This Row],[Previsão no Parque ]],"AAAA") -> 2026 | N97: Pendente

Sheet Grafico

Sheet SQVI
A1: conc | B1: conc | C1: ReqC | D1: Item | E1: Sua ref. | F1: Requisitante | G1: Criado por | H1: Tipo | I1: Dt.criação | J1: Doc.compra | K1: Item | L1: Fornecedor | M1: OrgC | N1: CFor | O1: DepSaí | P1: Data mod. | Q1: E | R1: Cen. | S1: Dep. | T1: Material | U1: TxtBreve | V1: Qtd.pedido | W1: UMP | X1: UMP | Y1: Preço líq. | Z1: Moeda | AA1: CI | AB1: Tp.aval. | AC1: CtgAvl | AD1: Nº acomp. | AE1: Cód.NCM | AF1: U | AG1: O | AH1: PriorNeces. | AI1: PlnIt | AJ1: Div. | AK1: Qtd.confir. | AL1: UMP | AM1: Dt.remessa | AN1: DataConf. | AO1: Data prep. | AP1: Dt.carreg. | AQ1: OrgTransp. | AR1: SaídaMerc | AS1: Data fim da EM | AT1: Esq. | AU1: Perfil | AV1: C | AW1: CRC | AX1: PEP | AY1: TEM | AZ1: E | BA1: Qtd.saída | BB1: UMP | BC1: Fornecimento | BD1: Qtd.remessa | BE1: Data prep.material | BF1: Confirmação picking | BG1: Sugestão BR1 | BH1: Criado por GEP | BI1: Header GEP
A2: =I2&J2 -> 461664501742979 | B2: =_xlfn.CONCAT(T2,R2) -> GP486978-004B832 | D2: 0 | E2: 42489930 | F2: SPOTPrev | G2: DMC_Z004C56J | H2: NB | I2: 46166 | J2: 4501742979 | K2: 30 | L2: X002178424 | M2: 749A | P2: 46267 | R2: B832 | S2: SUV1 | T2: GP486978-004 | U2: SHELL TELLUS S2VX32 FINE HYDR OIL 208,2L | V2: 416.4 | W2: L | X2: L | Y2: 3700.28 | Z2: ZBR | AA2: TD | AE2: 27101932 | AF2: 2 | AG2: 2 | AH2: 0 | AJ2: 1 | AK2: 0 | AL2: L | AM2: 46199 | AT2: ZR0000 | AV2: R | AX2: 33 | AY2: 2 | BA2: 0 | BB2: L | BC2: #N/A | BD2: #N/A | BE2: #N/A | BF2: #N/A | BG2: LRR | BH2: EOLIVEIRA | BI2: LRR
A3: =I3&J3 -> 461914501750844 | B3: =_xlfn.CONCAT(T3,R3) -> A9B00019165B832 | D3: 0 | E3: 42456224 | F3: Planf. compr | G3: DMC_Z004C56J | H3: NB | I3: 46191 | J3: 4501750844 | K3: 10 | L3: X002178424 | M3: 749A | P3: 46191 | R3: B832 | S3: SUV1 | T3: A9B00019165 | U3: GREASE SHELL RHODINA, 5 KG, BBZ | V3: 10 | W3: KG | X3: KG | Y3: 6806.75 | Z3: ZBR | AA3: DP | AD3: CONSUM | AE3: 34031900 | AF3: 2 | AG3: 2 | AH3: 0 | AJ3: 1 | AK3: 0 | AL3: KG | AM3: 46245 | AT3: ZR0000 | AV3: R | AX3: 54 | AY3: 2 | BA3: 0 | BB3: KG | BC3: #N/A | BD3: #N/A | BE3: #N/A | BF3: #N/A | BG3: LRR | BH3: 1069141 | BI3: LRR
A4: =I4&J4 -> 461914501750922 | B4: =_xlfn.CONCAT(T4,R4) -> GP485052-003B825 | D4: 0 | E4: 42470255 | F4: corretiva | G4: DMC_Z004C56J | H4: NB | I4: 46191 | J4: 4501750922 | K4: 10 | L4: X002178424 | M4: 749A | P4: 46267 | R4: B825 | S4: SBN1 | T4: GP485052-003 | U4: SHELL OMALA S3 WIND MINERAL 20L (UMB L) | V4: 300 | W4: L | X4: L | Y4: 38860.97 | Z4: ZBR | AA4: TD | AE4: 27101932 | AF4: 2 | AG4: 2 | AH4: 0 | AJ4: 1 | AK4: 0 | AL4: L | AM4: 46224 | AT4: ZR0000 | AV4: R | AX4: 33 | AY4: 2 | BA4: 0 | BB4: L | BC4: #N/A | BD4: #N/A | BE4: #N/A | BF4: #N/A | BG4: CORRETIVA | BH4: EOLIVEIRA | BI4: SPOT
A5: =I5&J5 -> 461914501751037 | B5: =_xlfn.CONCAT(T5,R5) -> GP485052-003B825 | D5: 0 | E5: 42483197 | F5: Planf. compr | G5: DMC_Z004C56J | H5: NB | I5: 46191 | J5: 4501751037 | K5: 20 | L5: X002178424 | M5: 749A | P5: 46267 | R5: B825 | S5: SBN1 | T5: GP485052-003 | U5: SHELL OMALA S3 WIND MINERAL 20L (UMB L) | V5: 100 | W5: L | X5: L | Y5: 70196.97 | Z5: ZBR | AA5: M4 | AE5: 27101932 | AF5: 2 | AG5: 2 | AH5: 0 | AJ5: 1 | AK5: 0 | AL5: L | AM5: 46224 | AT5: ZR0000 | AV5: R | AX5: 33 | AY5: 2 | BA5: 0 | BB5: L | BC5: #N/A | BD5: #N/A | BE5: #N/A | BF5: #N/A | BG5: LRR | BH5: EOLIVEIRA | BI5: LRR
A6: =I6&J6 -> 461914501751067 | B6: =_xlfn.CONCAT(T6,R6) -> GP485052-003B825 | D6: 0 | E6: 42486040 | F6: Planf. compr | G6: DMC_Z004C56J | H6: NB | I6: 46191 | J6: 4501751067 | K6: 10 | L6: X002178424 | M6: 749A | P6: 46191 | R6: B825 | S6: SBN1 | T6: GP485052-003 | U6: SHELL OMALA S3 WIND MINERAL 20L (UMB L) | V6: 200 | W6: L | X6: L | Y6: 31413.38 | Z6: ZBR | AA6: DS | AE6: 27101932 | AF6: 2 | AG6: 2 | AH6: 0 | AJ6: 1 | AK6: 0 | AL6: L | AM6: 46224 | AT6: ZR0000 | AV6: R | AX6: 33 | AY6: 2 | BA6: 0 | BB6: L | BC6: #N/A | BD6: #N/A | BE6: #N/A | BF6: #N/A | BG6: LRR | BH6: EOLIVEIRA | BI6: LRR
A7: =I7&J7 -> 461914501751068 | B7: =_xlfn.CONCAT(T7,R7) -> GP485051-001B857 | D7: 0 | E7: 42486051 | F7: Planf. compr | G7: DMC_Z004C56J | H7: NB | I7: 46191 | J7: 4501751068 | K7: 10 | L7: X002178424 | M7: 749A | P7: 46267 | R7: B857 | S7: SVS2 | T7: GP485051-001 | U7: SHELL OMALA S5 WIND SYNTHETIC_ 20L | V7: 80 | W7: L | X7: L | Y7: 888.87 | Z7: ZBR | AA7: M4 | AE7: 34031900 | AF7: 2 | AG7: 2 | AH7: 0 | AJ7: 1 | AK7: 0 | AL7: L | AM7: 46251 | AT7: ZR0000 | AV7: R | AX7: 60 | AY7: 2 | BA7: 0 | BB7: L | BC7: #N/A | BD7: #N/A | BE7: #N/A | BF7: #N/A | BG7: LRR | BH7: EOLIVEIRA | BI7: LRR
A8: =I8&J8 -> 461914501751131 | B8: =_xlfn.CONCAT(T8,R8) -> GP486978-004B825 | D8: 0 | E8: 42489911 | F8: SPOTCor | G8: DMC_Z004C56J | H8: NB | I8: 46191 | J8: 4501751131 | K8: 10 | L8: X002178424 | M8: 749A | P8: 46204 | R8: B825 | S8: SBN1 | T8: GP486978-004 | U8: SHELL TELLUS S2VX32 FINE HYDR OIL 208,2L | V8: 1041 | W8: L | X8: L | Y8: 3696.72 | Z8: ZBR | AA8: TD | AE8: 27101932 | AF8: 2 | AG8: 0 | AH8: 0 | AJ8: 1 | AK8: 0 | AL8: L | AM8: 46224 | AT8: ZR0000 | AV8: R | AX8: 33 | AY8: 2 | BA8: 0 | BB8: L | BC8: #N/A | BD8: #N/A | BE8: #N/A | BF8: #N/A | BG8: CORRETIVA | BH8: EOLIVEIRA | BI8: corretivo e tratativas de ats.
A9: =I9&J9 -> 461914501751220 | B9: =_xlfn.CONCAT(T9,R9) -> GP013211B857 | D9: 0 | E9: 42493509 | F9: SPOTCor | G9: DMC_Z004C56J | H9: NB | I9: 46191 | J9: 4501751220 | K9: 10 | L9: X002178424 | M9: 749A | P9: 46267 | R9: B857 | S9: SVS2 | T9: GP013211 | U9: GENERICO OLEOS DA UNIDADE HIDRAULICA | V9: 3 | W9: REC | X9: REC | Y9: 3564.66 | Z9: ZBR | AA9: DP | AE9: 27101932 | AF9: 2 | AG9: 5 | AH9: 0 | AJ9: 1 | AK9: 0 | AL9: REC | AM9: 46286 | AT9: ZR0000 | AV9: R | AX9: 21 | AY9: 2 | BA9: 0 | BB9: REC | BC9: #N/A | BD9: #N/A | BE9: #N/A | BF9: #N/A | BG9: CORRETIVA | BH9: EOLIVEIRA | BI9: SUPRIR NECESSIDADE DO TELLUS FINE
A10: =I10&J10 -> 462034501752680 | B10: =_xlfn.CONCAT(T10,R10) -> GP486978-004B825 | C10: 1079449016 | D10: 10 | F10: Z005396H | G10: Z0047JVE | H10: NB | I10: 46203 | J10: 4501752680 | K10: 20 | L10: X002178424 | M10: 749A | P10: 46205 | Q10: L | R10: B825 | S10: SBN1 | T10: GP486978-004 | U10: SHELL TELLUS S2VX32 FINE HYDR OIL 208,2L | V10: 10 | W10: TAM | X10: TAM | Y10: 3551.02 | Z10: ZBR | AA10: TD | AE10: 27101932 | AF10: 2 | AG10: 2 | AH10: 0 | AJ10: 1 | AK10: 0 | AL10: TAM | AM10: 46237 | AT10: ZR0000 | AV10: R | AX10: 60 | AY10: 2 | BA10: 0 | BB10: TAM | BC10: #N/A | BD10: #N/A | BE10: #N/A | BF10: #N/A | BG10: CORRETIVA | BH10: #N/A | BI10: #N/A
A11: =I11&J11 -> 462384501758104 | B11: =_xlfn.CONCAT(T11,R11) -> GP486978-004B833 | C11: 1079768759 | D11: 10 | F11: Z005396H | G11: Z005AMNR | H11: NB | I11: 46238 | J11: 4501758104 | K11: 10 | L11: X002178424 | M11: 749A | P11: 46238 | R11: B833 | S11: SUV2 | T11: GP486978-004 | U11: SHELL TELLUS S2VX32 FINE HYDR OIL 208,2L | V11: 388.2 | W11: L | X11: L | Y11: 3551.02 | Z11: ZBR | AA11: TD | AE11: 27101932 | AF11: 2 | AG11: 2 | AH11: 0 | AJ11: 1 | AK11: 0 | AL11: L | AM11: 46314 | AT11: ZR0000 | AV11: R | AX11: 60 | AY11: 2 | BA11: 0 | BB11: L | BC11: #N/A | BD11: #N/A | BE11: #N/A | BF11: #N/A | BG11: #N/A | BH11: #N/A | BI11: #N/A
A12: =I12&J12 -> 462384501758114 | B12: =_xlfn.CONCAT(T12,R12) -> GP486978-004B857 | C12: 1080077829 | D12: 10 | F12: Planf. compr | G12: Z0047AAZ | H12: NB | I12: 46238 | J12: 4501758114 | K12: 10 | L12: X002178424 | M12: 749A | P12: 46253 | R12: B857 | S12: SVS2 | T12: GP486978-004 | U12: SHELL TELLUS S2VX32 FINE HYDR OIL 208,2L | V12: 624.6 | W12: L | X12: L | Y12: 3700.28 | Z12: ZBR | AA12: TD | AE12: 27101932 | AF12: 2 | AG12: 2 | AH12: 0 | AJ12: 1 | AK12: 0 | AL12: L | AM12: 46255 | AT12: ZR0000 | AV12: R | AX12: 60 | AY12: 2 | BA12: 0 | BB12: L | BC12: #N/A | BD12: #N/A | BE12: #N/A | BF12: #N/A | BG12: #N/A | BH12: #N/A | BI12: #N/A
A13: =I13&J13 -> 462574501760680 | B13: =_xlfn.CONCAT(T13,R13) -> GP486978-004B865 | C13: 1079768760 | D13: 10 | F13: Z005396H | G13: Z00488YE | H13: NB | I13: 46257 | J13: 4501760680 | K13: 10 | L13: X002178424 | M13: 749A | P13: 46275 | R13: B865 | S13: STS1 | T13: GP486978-004 | U13: SHELL TELLUS S2VX32 FINE HYDR OIL 208,2L | V13: 416.4 | W13: L | X13: L | Y13: 4055.84 | Z13: ZBR | AA13: TD | AE13: 27101932 | AF13: 2 | AG13: 2 | AH13: 0 | AJ13: 1 | AK13: 0 | AL13: L | AM13: 46314 | AT13: ZR0000 | AV13: R | AX13: 60 | AY13: 2 | BA13: 0 | BB13: L | BC13: #N/A | BD13: #N/A | BE13: #N/A | BF13: #N/A | BG13: #N/A | BH13: #N/A | BI13: #N/A
A14: =I14&J14 -> 462644501761685 | B14: =_xlfn.CONCAT(T14,R14) -> GP486978-004B825 | C14: 1080420691 | D14: 10 | F14: Z00414MR | G14: Z00488YE | H14: NB | I14: 46264 | J14: 4501761685 | K14: 10 | L14: X002178424 | M14: 749A | P14: 46264 | R14: B825 | S14: SBN1 | T14: GP486978-004 | U14: SHELL TELLUS S2VX32 FINE HYDR OIL 208,2L | V14: 2082 | W14: L | X14: L | Y14: 3903.01 | Z14: ZBR | AA14: TD | AE14: 27101932 | AF14: 2 | AG14: 2 | AH14: 0 | AJ14: 1 | AK14: 0 | AL14: L | AM14: 46295 | AT14: ZR0000 | AV14: R | AX14: 60 | AY14: 2 | BA14: 0 | BB14: L | BC14: #N/A | BD14: #N/A | BE14: #N/A | BF14: #N/A | BG14: #N/A | BH14: #N/A | BI14: #N/A
A15: =I15&J15 -> 462734501762617 | B15: =_xlfn.CONCAT(T15,R15) -> GP485051-001B825 | C15: 1079768788 | D15: 10 | F15: Z005396H | G15: Z004M21N | H15: NB | I15: 46273 | J15: 4501762617 | K15: 90 | L15: X002178424 | M15: 749A | P15: 46273 | R15: B825 | S15: SBN1 | T15: GP485051-001 | U15: SHELL OMALA S5 WIND SYNTHETIC_ 20L | V15: 40 | W15: L | X15: L | Y15: 922.13 | Z15: ZBR | AA15: DQ | AE15: 34031900 | AF15: 2 | AG15: 2 | AH15: 0 | AJ15: 1 | AK15: 0 | AL15: L | AM15: 46314 | AT15: ZR0000 | AV15: R | AX15: 60 | AY15: 2 | BA15: 0 | BB15: L | BC15: #N/A | BD15: #N/A | BE15: #N/A | BF15: #N/A | BG15: #N/A | BH15: #N/A | BI15: #N/A
A16: =I16&J16 -> 462744501762741 | B16: =_xlfn.CONCAT(T16,R16) -> A7B95001359966B864 | C16: 1080497383 | D16: 10 | F16: Z0055PSX | G16: Z0056RTP | H16: NB | I16: 46274 | J16: 4501762741 | K16: 10 | L16: 50091142 | M16: BRC9 | P16: 46274 | R16: B864 | S16: SAV1 | T16: A7B95001359966 | U16: PAS DE CHOQUE ADULTO OBS 303A CMOS | V16: 1 | W16: PC | X16: PC | Y16: 878.54 | Z16: ZBR | AA16: C0 | AE16: 90189096 | AF16: 2 | AG16: 0 | AH16: 0 | AJ16: 1 | AK16: 0 | AL16: PC | AM16: 46295 | AT16: ZR0000 | AV16: R | AX16: 0 | AY16: 0 | BA16: 0 | BB16: PC | BC16: #N/A | BD16: #N/A | BE16: #N/A | BF16: #N/A | BG16: #N/A | BH16: #N/A | BI16: #N/A
A17: =I17&J17 -> 462744501762743 | B17: =_xlfn.CONCAT(T17,R17) -> A7B95001359966B865 | C17: 1080497132 | D17: 10 | F17: Z0055PSX | G17: Z0056RTP | H17: NB | I17: 46274 | J17: 4501762743 | K17: 10 | L17: 50091142 | M17: BRC9 | P17: 46274 | R17: B865 | S17: STS1 | T17: A7B95001359966 | U17: PAS DE CHOQUE ADULTO OBS 303A CMOS | V17: 1 | W17: PC | X17: PC | Y17: 878.54 | Z17: ZBR | AA17: C0 | AE17: 90189096 | AF17: 2 | AG17: 0 | AH17: 0 | AJ17: 1 | AK17: 0 | AL17: PC | AM17: 46295 | AT17: ZR0000 | AV17: R | AX17: 0 | AY17: 0 | BA17: 0 | BB17: PC | BC17: #N/A | BD17: #N/A | BE17: #N/A | BF17: #N/A | BG17: #N/A | BH17: #N/A | BI17: #N/A
A18: =I18&J18 -> 462754501763067 | B18: =_xlfn.CONCAT(T18,R18) -> A7B95001359966B832 | C18: 1080497131 | D18: 10 | F18: Z0055PSX | G18: Z0056RTP | H18: NB | I18: 46275 | J18: 4501763067 | K18: 10 | L18: 50091142 | M18: BRC9 | P18: 46275 | R18: B832 | S18: SUV1 | T18: A7B95001359966 | U18: PAS DE CHOQUE ADULTO OBS 303A CMOS | V18: 1 | W18: PC | X18: PC | Y18: 878.54 | Z18: ZBR | AA18: C0 | AE18: 90189096 | AF18: 2 | AG18: 0 | AH18: 0 | AJ18: 1 | AK18: 0 | AL18: PC | AM18: 46295 | AT18: ZR0000 | AV18: R | AX18: 0 | AY18: 0 | BA18: 0 | BB18: PC | BC18: #N/A | BD18: #N/A | BE18: #N/A | BF18: #N/A | BG18: #N/A | BH18: #N/A | BI18: #N/A
A19: =I19&J19 -> 462794300012000 | B19: =_xlfn.CONCAT(T19,R19) -> GP371842B867 | C19: 1080594830 | D19: 90 | F19: Z004B5DX | G19: Z005AMNR | H19: UB | I19: 46279 | J19: 4300012000 | K19: 60 | M19: 7499 | N19: B8D1 | O19: 2N01 | P19: 46279 | R19: B867 | S19: SVM3 | T19: GP371842 | U19: PROPORTIONAL VALVE 50-25L/MIN 10VDC | V19: 3 | W19: PC | X19: PC | Y19: 0 | Z19: ZBR | AB19: N_IMP | AC19: Q | AD19: PARTPEC | AE19: 84812090 | AF19: 0 | AG19: 1 | AH19: 0 | AI19: ZBRW06_QUA | AJ19: 2 | AK19: 3 | AL19: PC | AM19: 46302 | AN19: 46296 | AO19: 46296 | AP19: 46300 | AQ19: 46300 | AR19: 46302 | AS19: 46304 | AT19: RM2000 | AV19: R | AX19: 33 | AY19: 2 | BA19: 0 | BB19: PC | BC19: #N/A | BD19: #N/A | BE19: #N/A | BF19: #N/A | BG19: #N/A | BH19: #N/A | BI19: #N/A
A20: =I20&J20 -> 462794300012001 | B20: =_xlfn.CONCAT(T20,R20) -> GP371842B857 | C20: 1080594829 | D20: 80 | F20: Z004B5DX | G20: Z005AMNR | H20: UB | I20: 46279 | J20: 4300012001 | K20: 40 | M20: 7499 | N20: B8D1 | O20: 2N01 | P20: 46279 | R20: B857 | S20: SVS2 | T20: GP371842 | U20: PROPORTIONAL VALVE 50-25L/MIN 10VDC | V20: 3 | W20: PC | X20: PC | Y20: 0 | Z20: ZBR | AB20: N_IMP | AC20: Q | AD20: PARTPEC | AE20: 84812090 | AF20: 0 | AG20: 1 | AH20: 0 | AI20: ZBRW06_QUA | AJ20: 2 | AK20: 3 | AL20: PC | AM20: 46302 | AN20: 46296 | AO20: 46296 | AP20: 46300 | AQ20: 46300 | AR20: 46302 | AS20: 46304 | AT20: RM2000 | AV20: R | AX20: 33 | AY20: 2 | BA20: 0 | BB20: PC | BC20: #N/A | BD20: #N/A | BE20: #N/A | BF20: #N/A | BG20: #N/A | BH20: #N/A | BI20: #N/A
A21: =I21&J21 -> 462794300012002 | B21: =_xlfn.CONCAT(T21,R21) -> GP468401B856 | C21: 1080594715 | D21: 70 | F21: Z004B5DX | G21: Z005AMNR | H21: UB | I21: 46279 | J21: 4300012002 | K21: 70 | M21: 7499 | N21: B8D1 | O21: 2N01 | P21: 46279 | R21: B856 | S21: SVS1 | T21: GP468401 | U21: PISTON GUIDE RING 160/2.5X25 C380 | V21: 20 | W21: PC | X21: PC | Y21: 0 | Z21: ZBR | AB21: N_IMP | AC21: Q | AD21: PARTPEC | AE21: 39269090 | AF21: 0 | AG21: 1 | AH21: 0 | AI21: ZBRW06_QUA | AJ21: 1 | AK21: 0 | AL21: PC | AM21: 46428 | AN21: 46477 | AO21: 46422 | AP21: 46426 | AQ21: 46426 | AR21: 46428 | AS21: 46428 | AT21: RM2000 | AV21: R | AX21: 0 | AY21: 0 | BA21: 0 | BB21: PC | BC21: #N/A | BD21: #N/A | BE21: #N/A | BF21: #N/A | BG21: #N/A | BH21: #N/A | BI21: #N/A
A22: =I22&J22 -> 462794300012003 | B22: =_xlfn.CONCAT(T22,R22) -> GP325616B832 | C22: 1080587073 | D22: 10 | F22: Z00418VH | G22: Z005AMNR | H22: UB | I22: 46279 | J22: 4300012003 | K22: 10 | M22: 7499 | N22: B825 | O22: SBN1 | P22: 46279 | R22: B832 | S22: SUV1 | T22: GP325616 | U22: VALVULA PROPORCIONAL 170L/MIN 315BAR 4/3 | V22: 1 | W22: PC | X22: PC | Y22: 0 | Z22: ZBR | AB22: N_IMP | AC22: Q | AD22: PARTPEC | AE22: 84812090 | AF22: 0 | AG22: 1 | AH22: 0 | AJ22: 1 | AK22: 1 | AL22: PC | AM22: 46308 | AN22: 46308 | AO22: 46308 | AP22: 46308 | AQ22: 46308 | AR22: 46308 | AS22: 46310 | AT22: RM2000 | AV22: R | AX22: 33 | AY22: 2 | BA22: 1 | BB22: PC | BC22: #N/A | BD22: #N/A | BE22: #N/A | BF22: #N/A | BG22: #N/A | BH22: #N/A | BI22: #N/A
A23: =I23&J23 -> 462794300012011 | B23: =_xlfn.CONCAT(T23,R23) -> GP553917B857 | C23: 1080586343 | D23: 10 | F23: Z00418BM | G23: Z005AMNR | H23: UB | I23: 46279 | J23: 4300012011 | K23: 10 | M23: 7499 | N23: B855 | O23: SSL2 | P23: 46279 | R23: B857 | S23: SVS2 | T23: GP553917 | U23: SPD_PHO_TTC-6-2-HC-24DC-UT-I_2908438 | V23: 1 | W23: PC | X23: PC | Y23: 0 | Z23: ZBR | AB23: N_IMP | AC23: Q | AD23: PARTPEC | AE23: 85363090 | AF23: 0 | AG23: 1 | AH23: 0 | AJ23: 1 | AK23: 1 | AL23: PC | AM23: 46358 | AN23: 46358 | AO23: 46358 | AP23: 46358 | AQ23: 46358 | AR23: 46358 | AS23: 46380 | AT23: RM2000 | AV23: R | AX23: 84 | AY23: 16 | BA23: 1 | BB23: PC | BC23: #N/A | BD23: #N/A | BE23: #N/A | BF23: #N/A | BG23: #N/A | BH23: #N/A | BI23: #N/A
A24: =I24&J24 -> 462794300012012 | B24: =_xlfn.CONCAT(T24,R24) -> 218150B832 | C24: 1080621402 | D24: 10 | F24: Z00416BT | G24: Z005AMNR | H24: UB | I24: 46279 | J24: 4300012012 | K24: 10 | M24: 7499 | N24: B825 | O24: SBN1 | P24: 46279 | R24: B832 | S24: SUV1 | T24: 218150 | U24: LUVAS DE LATEX - CAIXA 100 UDS. | V24: 10 | W24: PC | X24: PC | Y24: 0 | Z24: ZBR | AD24: USOCONSUM | AE24: 40151900 | AF24: 2 | AG24: 0 | AH24: 0 | AJ24: 1 | AK24: 10 | AL24: PC | AM24: 46314 | AN24: 46314 | AO24: 46314 | AP24: 46314 | AQ24: 46314 | AR24: 46314 | AS24: 46316 | AT24: RM2000 | AV24: R | AX24: 33 | AY24: 2 | BA24: 10 | BB24: PC | BC24: #N/A | BD24: #N/A | BE24: #N/A | BF24: #N/A | BG24: #N/A | BH24: #N/A | BI24: #N/A
A25: =I25&J25 -> 462794501763492 | B25: =_xlfn.CONCAT(T25,R25) -> GP486978-004B856 | C25: 1080187716 | D25: 10 | F25: Z005396H | G25: Z00488YE | H25: NB | I25: 46279 | J25: 4501763492 | K25: 20 | L25: X002178424 | M25: 749A | P25: 46279 | R25: B856 | S25: SVS1 | T25: GP486978-004 | U25: SHELL TELLUS S2VX32 FINE HYDR OIL 208,2L | V25: 208.2 | W25: L | X25: L | Y25: 3903.01 | Z25: ZBR | AA25: TD | AE25: 27101932 | AF25: 2 | AG25: 2 | AH25: 0 | AJ25: 1 | AK25: 0 | AL25: L | AM25: 46309 | AT25: ZR0000 | AV25: R | AX25: 60 | AY25: 2 | BA25: 0 | BB25: L | BC25: #N/A | BD25: #N/A | BE25: #N/A | BF25: #N/A | BG25: #N/A | BH25: #N/A | BI25: #N/A
A26: =I26&J26 -> 462804501763579 | B26: =_xlfn.CONCAT(T26,R26) -> A7B95001359702B865 | C26: 1080604255 | D26: 50 | F26: Z004YARF | G26: Z0056RTP | H26: NB | I26: 46280 | J26: 4501763579 | K26: 50 | L26: 50091142 | M26: BRC9 | P26: 46280 | R26: B865 | S26: 0003 | T26: A7B95001359702 | U26: ESTICADOR PET 13/16/19MM / MOSKA | V26: 1 | W26: PC | X26: PC | Y26: 389.82 | Z26: ZBR | AA26: C0 | AE26: 84224090 | AF26: 2 | AG26: 0 | AH26: 0 | AJ26: 1 | AK26: 0 | AL26: PC | AM26: 46295 | AT26: ZR0000 | AV26: R | AX26: 0 | AY26: 0 | BA26: 0 | BB26: PC | BC26: #N/A | BD26: #N/A | BE26: #N/A | BF26: #N/A | BG26: #N/A | BH26: #N/A | BI26: #N/A
A27: =I27&J27 -> 462804501763606 | B27: =_xlfn.CONCAT(T27,R27) -> A7B95001359703B865 | C27: 1080604248 | D27: 40 | F27: Z004YARF | G27: Z0056RTP | H27: NB | I27: 46280 | J27: 4501763606 | K27: 40 | L27: X002120844 | M27: BRC9 | P27: 46280 | R27: B865 | S27: 0003 | T27: A7B95001359703 | U27: CORTA TUBO PVC 42MM 3559042000 VONDER | V27: 1 | W27: PC | X27: PC | Y27: 23.89 | Z27: ZBR | AA27: C7 | AE27: 82034000 | AF27: 2 | AG27: 2 | AH27: 0 | AJ27: 1 | AK27: 0 | AL27: PC | AM27: 46295 | AT27: ZR0000 | AV27: R | AX27: 0 | AY27: 0 | BA27: 0 | BB27: PC | BC27: #N/A | BD27: #N/A | BE27: #N/A | BF27: #N/A | BG27: #N/A | BH27: #N/A | BI27: #N/A
A28: =I28&J28 -> 462804501763612 | B28: =_xlfn.CONCAT(T28,R28) -> A7B95001359703B864 | C28: 1080604247 | D28: 40 | F28: Z004YARF | G28: Z0056RTP | H28: NB | I28: 46280 | J28: 4501763612 | K28: 40 | L28: X002120844 | M28: BRC9 | P28: 46280 | R28: B864 | S28: SAV1 | T28: A7B95001359703 | U28: CORTA TUBO PVC 42MM 3559042000 VONDER | V28: 1 | W28: PC | X28: PC | Y28: 23.89 | Z28: ZBR | AA28: C7 | AE28: 82034000 | AF28: 2 | AG28: 2 | AH28: 0 | AJ28: 1 | AK28: 0 | AL28: PC | AM28: 46295 | AT28: ZR0000 | AV28: R | AX28: 0 | AY28: 0 | BA28: 0 | BB28: PC | BC28: #N/A | BD28: #N/A | BE28: #N/A | BF28: #N/A | BG28: #N/A | BH28: #N/A | BI28: #N/A
A29: =I29&J29 -> 462824300012037 | B29: =_xlfn.CONCAT(T29,R29) -> 109537B867 | C29: 1080662830 | D29: 10 | F29: Z004149W | G29: Z005AMNR | H29: UB | I29: 46282 | J29: 4300012037 | K29: 10 | M29: 7499 | N29: B8D1 | O29: 2N01 | P29: 46282 | R29: B867 | S29: SVM3 | T29: 109537 | U29: SENSOR PRESSÃO 0-250B DANFOSS V47 | V29: 2 | W29: PC | X29: PC | Y29: 0 | Z29: ZBR | AB29: N_IMP | AC29: Q | AD29: PARTPEC | AE29: 90262090 | AF29: 0 | AG29: 1 | AH29: 0 | AI29: ZBRW06_QUA | AJ29: 2 | AK29: 2 | AL29: PC | AM29: 46309 | AN29: 46302 | AO29: 46302 | AP29: 46304 | AQ29: 46304 | AR29: 46309 | AS29: 46311 | AT29: RM2000 | AV29: R | AX29: 33 | AY29: 2 | BA29: 0 | BB29: PC | BC29: #N/A | BD29: #N/A | BE29: #N/A | BF29: #N/A | BG29: #N/A | BH29: #N/A | BI29: #N/A
A30: =I30&J30 -> 462824300012038 | B30: =_xlfn.CONCAT(T30,R30) -> 109537B857 | C30: 1080662829 | D30: 10 | F30: Z004149W | G30: Z005AMNR | H30: UB | I30: 46282 | J30: 4300012038 | K30: 10 | M30: 7499 | N30: B8D1 | O30: 2N01 | P30: 46282 | R30: B857 | S30: SVS2 | T30: 109537 | U30: SENSOR PRESSÃO 0-250B DANFOSS V47 | V30: 2 | W30: PC | X30: PC | Y30: 0 | Z30: ZBR | AB30: N_IMP | AC30: Q | AD30: PARTPEC | AE30: 90262090 | AF30: 0 | AG30: 1 | AH30: 0 | AI30: ZBRW06_QUA | AJ30: 2 | AK30: 2 | AL30: PC | AM30: 46309 | AN30: 46302 | AO30: 46302 | AP30: 46304 | AQ30: 46304 | AR30: 46309 | AS30: 46311 | AT30: RM2000 | AV30: R | AX30: 33 | AY30: 2 | BA30: 0 | BB30: PC | BC30: #N/A | BD30: #N/A | BE30: #N/A | BF30: #N/A | BG30: #N/A | BH30: #N/A | BI30: #N/A
A31: =I31&J31 -> 462824501763954 | B31: =_xlfn.CONCAT(T31,R31) -> A9B00019165B867 | C31: 1080640509 | D31: 10 | F31: Z004158A | G31: Z00488YE | H31: NB | I31: 46282 | J31: 4501763954 | K31: 10 | L31: X002178424 | M31: 749A | P31: 46282 | R31: B867 | S31: SVM3 | T31: A9B00019165 | U31: GREASE SHELL RHODINA, 5 KG, BBZ | V31: 490 | W31: KG | X31: KG | Y31: 873.01 | Z31: ZBR | AA31: DP | AE31: 34031900 | AF31: 2 | AG31: 2 | AH31: 0 | AJ31: 1 | AK31: 0 | AL31: KG | AM31: 46296 | AT31: ZR0000 | AV31: R | AX31: 60 | AY31: 2 | BA31: 0 | BB31: KG | BC31: #N/A | BD31: #N/A | BE31: #N/A | BF31: #N/A | BG31: #N/A | BH31: #N/A | BI31: #N/A
A32: =I32&J32 -> 462824300012043 | B32: =_xlfn.CONCAT(T32,R32) -> 50834B825 | C32: 1080682316 | D32: 10 | F32: Z00414MR | G32: Z005AMNR | H32: UB | I32: 46282 | J32: 4300012043 | K32: 10 | M32: 7499 | N32: B8D1 | O32: 2N01 | P32: 46282 | R32: B825 | S32: SBN1 | T32: 50834 | U32: VALVULA ANTI-RET. RHZ20SRPEFLEX VO604462 | V32: 2 | W32: PC | X32: PC | Y32: 0 | Z32: ZBR | AB32: N_IMP | AC32: Q | AD32: PARTPEC | AE32: 84813000 | AF32: 0 | AG32: 1 | AH32: 0 | AI32: ZBRW05_SEX | AJ32: 1 | AK32: 0 | AL32: PC | AM32: 46315 | AN32: 46304 | AO32: 46304 | AP32: 46309 | AQ32: 46309 | AR32: 46311 | AS32: 46315 | AT32: RM2000 | AV32: R | AX32: 33 | AY32: 2 | BA32: 0 | BB32: PC | BC32: #N/A | BD32: #N/A | BE32: #N/A | BF32: #N/A | BG32: #N/A | BH32: #N/A | BI32: #N/A
A33: =I33&J33 -> 462824300012045 | B33: =_xlfn.CONCAT(T33,R33) -> GP081087B825 | C33: 1080682365 | D33: 10 | F33: Z00414MR | G33: Z005AMNR | H33: UB | I33: 46282 | J33: 4300012045 | K33: 10 | M33: 7499 | N33: B8D1 | O33: 2N01 | P33: 46282 | R33: B825 | S33: SBN1 | T33: GP081087 | U33: HOIST SUPPORT PIN | V33: 220 | W33: PC | X33: PC | Y33: 0 | Z33: ZBR | AB33: N_IMP | AC33: Q | AD33: PARTPEC | AE33: 73269090 | AF33: 0 | AG33: 1 | AH33: 0 | AI33: ZBRW05_SEX | AJ33: 1 | AK33: 0 | AL33: PC | AM33: 46343 | AN33: 46468 | AO33: 46335 | AP33: 46337 | AQ33: 46337 | AR33: 46339 | AS33: 46339 | AT33: RM2000 | AV33: R | AX33: 0 | AY33: 0 | BA33: 0 | BB33: PC | BC33: #N/A | BD33: #N/A | BE33: #N/A | BF33: #N/A | BG33: #N/A | BH33: #N/A | BI33: #N/A
A34: =I34&J34 -> 462824300012048 | B34: =_xlfn.CONCAT(T34,R34) -> GP485135B857 | C34: 1080662653 | D34: 40 | F34: Z004149W | G34: Z005AMNR | H34: UB | I34: 46282 | J34: 4300012048 | K34: 40 | M34: 7499 | N34: B8D1 | O34: 2N01 | P34: 46282 | R34: B857 | S34: SVS2 | T34: GP485135 | U34: CABLE WA79 3.4 | V34: 2 | W34: PC | X34: PC | Y34: 0 | Z34: ZBR | AB34: N_IMP | AC34: Q | AD34: PARTPEC | AE34: 85444200 | AF34: 0 | AG34: 1 | AH34: 0 | AI34: ZBRW06_QUA | AJ34: 2 | AK34: 1 | AL34: PC | AM34: 46302 | AN34: 46302 | AO34: 46296 | AP34: 46300 | AQ34: 46300 | AR34: 46302 | AS34: 46304 | AT34: RM2000 | AV34: R | AX34: 33 | AY34: 2 | BA34: 0 | BB34: PC | BC34: #N/A | BD34: #N/A | BE34: #N/A | BF34: #N/A | BG34: #N/A | BH34: #N/A | BI34: #N/A
A35: =I35&J35 -> 462824300012049 | B35: =_xlfn.CONCAT(T35,R35) -> GP315334B867 | C35: 1080662652 | D35: 10 | F35: Z004149W | G35: Z005AMNR | H35: UB | I35: 46282 | J35: 4300012049 | K35: 10 | M35: 7499 | N35: B8D1 | O35: 2N01 | P35: 46282 | R35: B867 | S35: SVM3 | T35: GP315334 | U35: INDUCTIVE SENSOR M18 + CABLE WS101 3.3MW | V35: 2 | W35: PC | X35: PC | Y35: 0 | Z35: ZBR | AB35: N_IMP | AC35: Q | AD35: PARTPEC | AE35: 90318099 | AF35: 0 | AG35: 1 | AH35: 0 | AI35: ZBRW06_QUA | AJ35: 1 | AK35: 0 | AL35: PC | AM35: 46314 | AN35: 46468 | AO35: 46302 | AP35: 46304 | AQ35: 46304 | AR35: 46309 | AS35: 46311 | AT35: RM2000 | AV35: R | AX35: 33 | AY35: 2 | BA35: 0 | BB35: PC | BC35: #N/A | BD35: #N/A | BE35: #N/A | BF35: #N/A | BG35: #N/A | BH35: #N/A | BI35: #N/A
A36: =I36&J36 -> 461594300008405 | B36: =_xlfn.CONCAT(T36,R36) -> GP583604B838 | D36: 0 | E36: 42294203 | F36: DMC_Z00540RF | G36: DMC_Z00540RF | H36: UB | I36: 46159 | J36: 4300008405 | K36: 70 | M36: 7499 | N36: B8D1 | O36: 2N01 | P36: 46159 | R36: B838 | S36: SVA1 | T36: GP583604 | U36: BUSHING D23 H40 | V36: 4 | W36: PC | X36: PC | Y36: 0 | Z36: ZBR | AB36: N_IMP | AC36: Q | AD36: PARTPEC | AE36: 73269090 | AF36: 0 | AG36: 1 | AH36: 0 | AI36: ZBRW06_QUA | AJ36: 1 | AK36: 0 | AL36: PC | AM36: 47177 | AN36: 47171 | AO36: 47171 | AP36: 47175 | AQ36: 47175 | AR36: 47177 | AS36: 47177 | AT36: RM2000 | AV36: R | AX36: 0 | AY36: 0 | BA36: 0 | BB36: PC | BC36: #N/A | BD36: #N/A | BE36: #N/A | BF36: #N/A | BG36: #N/A | BH36: #N/A | BI36: #N/A
A37: =I37&J37 -> 461594300008407 | B37: =_xlfn.CONCAT(T37,R37) -> GP104233B832 | D37: 0 | E37: 42294278 | F37: DMC_Z00540RF | G37: DMC_Z00540RF | H37: UB | I37: 46159 | J37: 4300008407 | K37: 10 | M37: 7499 | N37: B8D1 | O37: 2N01 | P37: 46159 | R37: B832 | S37: SUV1 | T37: GP104233 | U37: FLOOR CLIP WIDE WASHER M8 | V37: 124 | W37: PC | X37: PC | Y37: 0 | Z37: ZBR | AB37: N_NAC | AC37: Q | AD37: PARTPEC | AE37: 73182200 | AF37: 0 | AG37: 0 | AH37: 0 | AI37: ZBRW05_SEX | AJ37: 2 | AK37: 124 | AL37: PC | AM37: 46262 | AN37: 46258 | AO37: 46258 | AP37: 46260 | AQ37: 46260 | AR37: 46262 | AS37: 46262 | AT37: RM2000 | AV37: R | AX37: 0 | AY37: 0 | BA37: 0 | BB37: PC | BC37: #N/A | BD37: #N/A | BE37: #N/A | BF37: #N/A | BG37: SERVICE BULLETIN | BH37: 1057403 | BI37: SERVICE BULLETIN
A38: =I38&J38 -> 461594300008408 | B38: =_xlfn.CONCAT(T38,R38) -> GP062392B833 | D38: 0 | E38: 42294282 | F38: DMC_Z00540RF | G38: DMC_Z00540RF | H38: UB | I38: 46159 | J38: 4300008408 | K38: 20 | M38: 7499 | N38: B8D1 | O38: 2N01 | P38: 46159 | R38: B833 | S38: SUV2 | T38: GP062392 | U38: BOLT ISO4014 M16X90 10.9 FLZNL NC 1000H | V38: 39 | W38: PC | X38: PC | Y38: 0 | Z38: ZBR | AB38: N_IMP | AC38: Q | AD38: PARTPEC | AE38: 73181500 | AF38: 0 | AG38: 1 | AH38: 0 | AI38: ZBRW05_SEX | AJ38: 1 | AK38: 0 | AL38: PC | AM38: 46264 | AN38: 46258 | AO38: 46258 | AP38: 46260 | AQ38: 46260 | AR38: 46262 | AS38: 46262 | AT38: RM2000 | AV38: R | AX38: 0 | AY38: 0 | BA38: 0 | BB38: PC | BC38: 80022998 | BD38: 39 | BE38: 46230 | BF38: C | BG38: SERVICE BULLETIN | BH38: 1057403 | BI38: SERVICE BULLETIN
A39: =I39&J39 -> 461594300008410 | B39: =_xlfn.CONCAT(T39,R39) -> GP104233B865 | D39: 0 | E39: 42294306 | F39: DMC_Z00540RF | G39: DMC_Z00540RF | H39: UB | I39: 46159 | J39: 4300008410 | K39: 20 | M39: 7499 | N39: B8D1 | O39: 2N01 | P39: 46159 | R39: B865 | S39: STS1 | T39: GP104233 | U39: FLOOR CLIP WIDE WASHER M8 | V39: 500 | W39: PC | X39: PC | Y39: 0 | Z39: ZBR | AB39: N_NAC | AC39: Q | AD39: PARTPEC | AE39: 73182200 | AF39: 0 | AG39: 0 | AH39: 0 | AI39: ZBRW05_SEX | AJ39: 2 | AK39: 500 | AL39: PC | AM39: 47172 | AN39: 47168 | AO39: 47168 | AP39: 47170 | AQ39: 47170 | AR39: 47172 | AS39: 47172 | AT39: RM2000 | AV39: R | AX39: 0 | AY39: 0 | BA39: 0 | BB39: PC | BC39: #N/A | BD39: #N/A | BE39: #N/A | BF39: #N/A | BG39: SERVICE BULLETIN | BH39: 1057403 | BI39: SERVICE BULLETIN
A40: =I40&J40 -> 461594300008411 | B40: =_xlfn.CONCAT(T40,R40) -> GP569984B864 | D40: 0 | E40: 42294950 | F40: DMC_Z00540RF | G40: DMC_Z00540RF | H40: UB | I40: 46159 | J40: 4300008411 | K40: 10 | M40: 7499 | N40: B8D1 | O40: 2N01 | P40: 46159 | R40: B864 | S40: SAV1 | T40: GP569984 | U40: GRATING OVER STATOR CABLES STR 2-A | V40: 2 | W40: PC | X40: PC | Y40: 0 | Z40: ZBR | AB40: N_IMP | AC40: Q | AD40: PARTPEC | AE40: 73269090 | AF40: 0 | AG40: 1 | AH40: 0 | AI40: ZBRW06_QUA | AJ40: 1 | AK40: 0 | AL40: PC | AM40: 47177 | AN40: 47171 | AO40: 47171 | AP40: 47175 | AQ40: 47175 | AR40: 47177 | AS40: 47177 | AT40: RM2000 | AV40: R | AX40: 0 | AY40: 0 | BA40: 0 | BB40: PC | BC40: #N/A | BD40: #N/A | BE40: #N/A | BF40: #N/A | BG40: SERVICE BULLETIN | BH40: GBELOTI | BI40: SB - B33152003 - Generator power cables tray modification - M064
A41: =I41&J41 -> 461594300008415 | B41: =_xlfn.CONCAT(T41,R41) -> GP026647B833 | D41: 0 | E41: 42295065 | F41: DMC_Z00540RF | G41: DMC_Z00540RF | H41: UB | I41: 46159 | J41: 4300008415 | K41: 20 | M41: 7499 | N41: B8D1 | O41: 2N01 | P41: 46159 | R41: B833 | S41: SUV2 | T41: GP026647 | U41: HEXAGON NUT ISO 4032 M12 A4-70 | V41: 92 | W41: PC | X41: PC | Y41: 0 | Z41: ZBR | AB41: N_NAC | AC41: Q | AD41: PARTPEC | AE41: 73181600 | AF41: 0 | AG41: 0 | AH41: 0 | AI41: ZBRW05_SEX | AJ41: 1 | AK41: 0 | AL41: PC | AM41: 46264 | AN41: 46258 | AO41: 46258 | AP41: 46260 | AQ41: 46260 | AR41: 46262 | AS41: 46287 | AT41: RM2000 | AV41: R | AX41: 45 | AY41: 16 | BA41: 0 | BB41: PC | BC41: #N/A | BD41: #N/A | BE41: #N/A | BF41: #N/A | BG41: SERVICE BULLETIN | BH41: 1057403 | BI41: SERVICE BULLETIN
A42: =I42&J42 -> 461594300008416 | B42: =_xlfn.CONCAT(T42,R42) -> GP605790B838 | D42: 0 | E42: 42295073 | F42: DMC_Z00540RF | G42: DMC_Z00540RF | H42: UB | I42: 46159 | J42: 4300008416 | K42: 10 | M42: 7499 | N42: B8D1 | O42: 2N01 | P42: 46159 | R42: B838 | S42: SVA1 | T42: GP605790 | U42: SAFETY-WALK BAND SIDES 740MM X 152MM | V42: 78 | W42: PC | X42: PC | Y42: 0 | Z42: ZBR | AD42: CONSUM | AE42: 39199020 | AF42: 2 | AG42: 1 | AH42: 0 | AI42: ZBRW06_QUA | AJ42: 1 | AK42: 0 | AL42: PC | AM42: 47177 | AN42: 47171 | AO42: 47171 | AP42: 47175 | AQ42: 47175 | AR42: 47177 | AS42: 47177 | AT42: RM2000 | AV42: R | AX42: 0 | AY42: 0 | BA42: 78 | BB42: PC | BC42: 80021140 | BD42: 78 | BE42: 46170 | BF42: C | BG42: #N/A | BH42: #N/A | BI42: #N/A
A43: =I43&J43 -> 461594300008421 | B43: =_xlfn.CONCAT(T43,R43) -> GP140289B832 | D43: 0 | E43: 42295717 | F43: DMC_Z00540RF | G43: DMC_Z00540RF | H43: UB | I43: 46159 | J43: 4300008421 | K43: 10 | M43: 7499 | N43: B8D1 | O43: 2N01 | P43: 46159 | R43: B832 | S43: SUV1 | T43: GP140289 | U43: FLOOR CLIP WIDE WASHER M8 AISI 316 | V43: 124 | W43: PC | X43: PC | Y43: 0 | Z43: ZBR | AB43: N_NAC | AC43: Q | AD43: PARTPEC | AE43: 73182200 | AF43: 0 | AG43: 0 | AH43: 0 | AI43: ZBRW05_SEX | AJ43: 2 | AK43: 124 | AL43: PC | AM43: 47172 | AN43: 47168 | AO43: 47168 | AP43: 47170 | AQ43: 47170 | AR43: 47172 | AS43: 47172 | AT43: RM2000 | AV43: R | AX43: 0 | AY43: 0 | BA43: 0 | BB43: PC | BC43: #N/A | BD43: #N/A | BE43: #N/A | BF43: #N/A | BG43: SERVICE BULLETIN | BH43: 1057403 | BI43: SERVICE BULLETIN
A44: =I44&J44 -> 461594300008423 | B44: =_xlfn.CONCAT(T44,R44) -> GP038397B856 | D44: 0 | E44: 42307213 | F44: DMC_Z00540RF | G44: DMC_Z00540RF | H44: UB | I44: 46159 | J44: 4300008423 | K44: 50 | M44: 7499 | N44: B8D1 | O44: 2N01 | P44: 46159 | R44: B856 | S44: SVS1 | T44: GP038397 | U44: NUT ISO4032 M52 10 FLZNL NC 1000H | V44: 2 | W44: PC | X44: PC | Y44: 0 | Z44: ZBR | AB44: N_NAC | AC44: Q | AD44: PARTPEC | AE44: 73181600 | AF44: 0 | AG44: 0 | AH44: 0 | AI44: ZBRW06_QUA | AJ44: 1 | AK44: 0 | AL44: PC | AM44: 47177 | AN44: 47171 | AO44: 47171 | AP44: 47175 | AQ44: 47175 | AR44: 47177 | AS44: 47177 | AT44: RM2000 | AV44: R | AX44: 0 | AY44: 0 | BA44: 0 | BB44: PC | BC44: #N/A | BD44: #N/A | BE44: #N/A | BF44: #N/A | BG44: SERVICE BULLETIN | BH44: 1057403 | BI44: SERVICE-BULLETIN
A45: =I45&J45 -> 461594300008424 | B45: =_xlfn.CONCAT(T45,R45) -> GP135406B857 | D45: 0 | E45: 42308355 | F45: DMC_Z00540RF | G45: DMC_Z00540RF | H45: UB | I45: 46159 | J45: 4300008424 | K45: 70 | M45: 7499 | N45: B8D1 | O45: 2N01 | P45: 46159 | R45: B857 | S45: SVS2 | T45: GP135406 | U45: SPRING COTTER DIN11024 D4.5 | V45: 4 | W45: PC | X45: PC | Y45: 0 | Z45: ZBR | AB45: N_IMP | AC45: Q | AD45: PARTPEC | AE45: 73182400 | AF45: 0 | AG45: 1 | AH45: 0 | AI45: ZBRW06_QUA | AJ45: 1 | AK45: 0 | AL45: PC | AM45: 47177 | AN45: 47171 | AO45: 47171 | AP45: 47175 | AQ45: 47175 | AR45: 47177 | AS45: 47177 | AT45: RM2000 | AV45: R | AX45: 0 | AY45: 0 | BA45: 0 | BB45: PC | BC45: #N/A | BD45: #N/A | BE45: #N/A | BF45: #N/A | BG45: SERVICE BULLETIN | BH45: 1057403 | BI45: SERVICE-BULLETIN
A46: =I46&J46 -> 461594300008435 | B46: =_xlfn.CONCAT(T46,R46) -> GP022119-001B856 | D46: 0 | E46: 42348778 | F46: DMC_Z00540RF | G46: DMC_Z00540RF | H46: UB | I46: 46159 | J46: 4300008435 | K46: 160 | M46: 7499 | N46: B8D1 | O46: 2N01 | P46: 46159 | R46: B856 | S46: SVS1 | T46: GP022119-001 | U46: SILICONE DOW CORNING 7093 WHITE_ | V46: 74 | W46: PC | X46: PC | Y46: 0 | Z46: ZBR | AD46: CONSUM | AE46: 32141010 | AF46: 2 | AG46: 0 | AH46: 0 | AI46: ZBRW06_QUA | AJ46: 2 | AK46: 74 | AL46: PC | AM46: 46260 | AN46: 46254 | AO46: 46254 | AP46: 46258 | AQ46: 46258 | AR46: 46260 | AS46: 46262 | AT46: RM2000 | AV46: R | AX46: 134 | AY46: 2 | BA46: 0 | BB46: PC | BC46: #N/A | BD46: #N/A | BE46: #N/A | BF46: #N/A | BG46: SERVICE BULLETIN | BH46: 1057403 | BI46: SERVICE BULLETIN
A47: =I47&J47 -> 461594300008436 | B47: =_xlfn.CONCAT(T47,R47) -> GP048518B857 | D47: 0 | E47: 42348792 | F47: DMC_Z00540RF | G47: DMC_Z00540RF | H47: UB | I47: 46159 | J47: 4300008436 | K47: 110 | M47: 7499 | N47: B8D1 | O47: 2N01 | P47: 46159 | R47: B857 | S47: SVS2 | T47: GP048518 | U47: GALVANIZED STEEL STRAP 17X0.8 | V47: 1116 | W47: M | X47: M | Y47: 0 | Z47: ZBR | AD47: CONSUM | AE47: 73269090 | AF47: 2 | AG47: 1 | AH47: 0 | AI47: ZBRW06_QUA | AJ47: 2 | AK47: 1116 | AL47: M | AM47: 46232 | AN47: 46226 | AO47: 46226 | AP47: 46230 | AQ47: 46230 | AR47: 46232 | AS47: 46232 | AT47: RM2000 | AV47: R | AX47: 0 | AY47: 0 | BA47: 0 | BB47: M | BC47: #N/A | BD47: #N/A | BE47: #N/A | BF47: #N/A | BG47: SERVICE BULLETIN | BH47: 1057403 | BI47: SERVICE BULLETIN
A48: =I48&J48 -> 461594300008442 | B48: =_xlfn.CONCAT(T48,R48) -> GP467112B825 | D48: 0 | E48: 42354454 | F48: DMC_Z00540RF | G48: DMC_Z00540RF | H48: UB | I48: 46159 | J48: 4300008442 | K48: 130 | M48: 7499 | N48: B8D1 | O48: 2N01 | P48: 46191 | R48: B825 | S48: SBN1 | T48: GP467112 | U48: HELICOIL M20X40 A4 | V48: 778 | W48: PC | X48: PC | Y48: 0 | Z48: ZBR | AB48: N_IMP | AC48: Q | AD48: PARTPEC | AE48: 73269090 | AF48: 0 | AG48: 1 | AH48: 0 | AI48: ZBRW05_SEX | AJ48: 2 | AK48: 778 | AL48: PC | AM48: 47172 | AN48: 47168 | AO48: 47168 | AP48: 47170 | AQ48: 47170 | AR48: 47172 | AS48: 47172 | AT48: RM2000 | AV48: R | AX48: 0 | AY48: 0 | BA48: 0 | BB48: PC | BC48: #N/A | BD48: #N/A | BE48: #N/A | BF48: #N/A | BG48: SERVICE BULLETIN | BH48: 1057403 | BI48: SERVICE BULLETIN
A49: =I49&J49 -> 461594300008460 | B49: =_xlfn.CONCAT(T49,R49) -> 153282B825 | D49: 0 | E49: 42391350 | F49: DMC_Z00540RF | G49: DMC_Z00540RF | H49: UB | I49: 46159 | J49: 4300008460 | K49: 20 | M49: 7499 | N49: B8D1 | O49: 2N01 | P49: 46159 | R49: B825 | S49: SBN1 | T49: 153282 | U49: ROSCA ISO 4017 M8X35 A4-70 | V49: 12 | W49: PC | X49: PC | Y49: 0 | Z49: ZBR | AB49: N_IMP | AC49: Q | AD49: PARTPEC | AE49: 73181500 | AF49: 0 | AG49: 1 | AH49: 0 | AI49: ZBRW05_SEX | AJ49: 2 | AK49: 12 | AL49: PC | AM49: 47172 | AN49: 47168 | AO49: 47168 | AP49: 47170 | AQ49: 47170 | AR49: 47172 | AS49: 47176 | AT49: RM2000 | AV49: R | AX49: 33 | AY49: 2 | BA49: 0 | BB49: PC | BC49: #N/A | BD49: #N/A | BE49: #N/A | BF49: #N/A | BG49: SERVICE BULLETIN | BH49: 1057403 | BI49: SERVICE BULLETIN
A50: =I50&J50 -> 461594300008468 | B50: =_xlfn.CONCAT(T50,R50) -> P670143B864 | D50: 0 | E50: 42396365 | F50: DMC_Z00540RF | G50: DMC_Z00540RF | H50: UB | I50: 46159 | J50: 4300008468 | K50: 20 | M50: 7499 | N50: B8D1 | O50: 2N01 | P50: 46159 | R50: B864 | S50: SAV1 | T50: P670143 | U50: NUT ISO 10511 M10 A4-70 | V50: 668 | W50: PC | X50: PC | Y50: 0 | Z50: ZBR | AB50: N_NAC | AC50: Q | AD50: PARTPEC | AE50: 73181600 | AF50: 0 | AG50: 0 | AH50: 0 | AI50: ZBRW06_QUA | AJ50: 1 | AK50: 0 | AL50: PC | AM50: 47177 | AN50: 47171 | AO50: 47171 | AP50: 47175 | AQ50: 47175 | AR50: 47177 | AS50: 47179 | AT50: RM2000 | AV50: R | AX50: 71 | AY50: 2 | BA50: 0 | BB50: PC | BC50: #N/A | BD50: #N/A | BE50: #N/A | BF50: #N/A | BG50: SERVICE BULLETIN | BH50: 1057403 | BI50: SERVICE BULLETIN
A51: =I51&J51 -> 461594300008472 | B51: =_xlfn.CONCAT(T51,R51) -> F250014B825 | D51: 0 | E51: 42400379 | F51: DMC_Z00540RF | G51: DMC_Z00540RF | H51: UB | I51: 46159 | J51: 4300008472 | K51: 130 | M51: 7499 | N51: B8D1 | O51: 2N01 | P51: 46159 | R51: B825 | S51: SBN1 | T51: F250014 | U51: LUBRIFICADOR | V51: 20 | W51: PC | X51: PC | Y51: 0 | Z51: ZBR | AB51: N_IMP | AC51: Q | AD51: PARTPEC | AE51: 73269090 | AF51: 0 | AG51: 1 | AH51: 0 | AI51: ZBRW05_SEX | AJ51: 1 | AK51: 0 | AL51: PC | AM51: 45487 | AN51: 46160 | AO51: 46160 | AP51: 46162 | AQ51: 46162 | AR51: 46164 | AS51: 46168 | AT51: RM2000 | AV51: R | AX51: 163 | AY51: 2 | BA51: 20 | BB51: PC | BC51: 80022893 | BD51: 20 | BE51: 46230 | BF51: C | BG51: CORRETIVA | BH51: 1051411 | BI51: GRANDE CORRETIVA
A52: =I52&J52 -> 461594300008476 | B52: =_xlfn.CONCAT(T52,R52) -> GP092948B856 | D52: 0 | E52: 42403728 | F52: DMC_Z00540RF | G52: DMC_Z00540RF | H52: UB | I52: 46159 | J52: 4300008476 | K52: 10 | M52: 7499 | N52: B8D1 | O52: 2N01 | P52: 46159 | R52: B856 | S52: SVS1 | T52: GP092948 | U52: SPECIAL NUT M36 10 FLZNL NC 1000H | V52: 316 | W52: PC | X52: PC | Y52: 0 | Z52: ZBR | AB52: N_NAC | AC52: Q | AD52: PARTPEC | AE52: 73181600 | AF52: 0 | AG52: 0 | AH52: 0 | AI52: ZBRW06_QUA | AJ52: 1 | AK52: 0 | AL52: PC | AM52: 45555 | AN52: 46231 | AO52: 46163 | AP52: 46167 | AQ52: 46167 | AR52: 46169 | AS52: 46191 | AT52: RM2000 | AV52: R | AX52: 60 | AY52: 16 | BA52: 0 | BB52: PC | BC52: #N/A | BD52: #N/A | BE52: #N/A | BF52: #N/A | BG52: GGCC | BH52: 1051411 | BI52: GGCC
A53: =I53&J53 -> 461594300008477 | B53: =_xlfn.CONCAT(T53,R53) -> GP015432B856 | D53: 0 | E53: 42403821 | F53: DMC_Z00540RF | G53: DMC_Z00540RF | H53: UB | I53: 46159 | J53: 4300008477 | K53: 30 | M53: 7499 | N53: B8D1 | O53: 2N01 | P53: 46159 | R53: B856 | S53: SVS1 | T53: GP015432 | U53: LE TAPE SEALANT | V53: 15 | W53: L | X53: L | Y53: 0 | Z53: ZBR | AB53: N_IMP | AC53: Q | AD53: PARTPEC | AE53: 35061090 | AF53: 0 | AG53: 1 | AH53: 0 | AI53: ZBRW06_QUA | AJ53: 1 | AK53: 0 | AL53: L | AM53: 45464 | AN53: 46245 | AO53: 46163 | AP53: 46167 | AQ53: 46167 | AR53: 46169 | AS53: 46171 | AT53: RM2000 | AV53: R | AX53: 119 | AY53: 2 | BA53: 0 | BB53: L | BC53: #N/A | BD53: #N/A | BE53: #N/A | BF53: #N/A | BG53: REPARO UPTOWER | BH53: 1051546 | BI53: Reparo UpTower
A54: =I54&J54 -> 461594300008508 | B54: =_xlfn.CONCAT(T54,R54) -> GP557217B856 | D54: 0 | E54: 42417896 | F54: DMC_Z00540RF | G54: DMC_Z00540RF | H54: UB | I54: 46159 | J54: 4300008508 | K54: 80 | M54: 7499 | N54: B8D1 | O54: 2N01 | P54: 46159 | R54: B856 | S54: SVS1 | T54: GP557217 | U54: WAS DIN7349 M20 HV300 FLZNL NC 1440H | V54: 24 | W54: PC | X54: PC | Y54: 0 | Z54: ZBR | AB54: N_IMP | AC54: Q | AD54: PARTPEC | AE54: 73182200 | AF54: 0 | AG54: 1 | AH54: 0 | AI54: ZBRW06_QUA | AJ54: 1 | AK54: 0 | AL54: PC | AM54: 47177 | AN54: 47171 | AO54: 47171 | AP54: 47175 | AQ54: 47175 | AR54: 47177 | AS54: 47177 | AT54: RM2000 | AV54: R | AX54: 0 | AY54: 0 | BA54: 0 | BB54: PC | BC54: #N/A | BD54: #N/A | BE54: #N/A | BF54: #N/A | BG54: SERVICE BULLETIN | BH54: 1057403 | BI54: SERVICE BULLETIN
A55: =I55&J55 -> 461594300008511 | B55: =_xlfn.CONCAT(T55,R55) -> GP469730B833 | D55: 0 | E55: 42419626 | F55: DMC_Z00540RF | G55: DMC_Z00540RF | H55: UB | I55: 46159 | J55: 4300008511 | K55: 10 | M55: 7499 | N55: B8D1 | O55: 2N01 | P55: 46159 | R55: B833 | S55: SUV2 | T55: GP469730 | U55: PITCH CYLINDER FRICTION DISC | V55: 138 | W55: PC | X55: PC | Y55: 0 | Z55: ZBR | AB55: N_IMP | AC55: Q | AD55: PARTPEC | AE55: 40093290 | AF55: 0 | AG55: 1 | AH55: 0 | AI55: ZBRW05_SEX | AJ55: 1 | AK55: 0 | AL55: PC | AM55: 46265 | AN55: 46302 | AO55: 46258 | AP55: 46260 | AQ55: 46260 | AR55: 46262 | AS55: 46287 | AT55: RM2000 | AV55: R | AX55: 105 | AY55: 16 | BA55: 0 | BB55: PC | BC55: #N/A | BD55: #N/A | BE55: #N/A | BF55: #N/A | BG55: SERVICE BULLETIN | BH55: 1057403 | BI55: SERVICE BULLETIN
A56: =I56&J56 -> 461594300008522 | B56: =_xlfn.CONCAT(T56,R56) -> GP004219B865 | D56: 0 | E56: 42422687 | F56: DMC_Z00540RF | G56: DMC_Z00540RF | H56: UB | I56: 46159 | J56: 4300008522 | K56: 60 | M56: 7499 | N56: B8D1 | O56: 2N01 | P56: 46159 | R56: B865 | S56: STS1 | T56: GP004219 | U56: WAS ISO7093-1 12 200HV FLZNL NC 1000H | V56: 1404 | W56: PC | X56: PC | Y56: 0 | Z56: ZBR | AB56: N_NAC | AC56: Q | AD56: PARTPEC | AE56: 73182200 | AF56: 0 | AG56: 0 | AH56: 0 | AI56: ZBRW05_SEX | AJ56: 1 | AK56: 0 | AL56: PC | AM56: 46265 | AN56: 46258 | AO56: 46258 | AP56: 46260 | AQ56: 46260 | AR56: 46262 | AS56: 46266 | AT56: RM2000 | AV56: R | AX56: 62 | AY56: 2 | BA56: 123 | BB56: PC | BC56: 80021143 | BD56: 123 | BE56: 46171 | BF56: C | BG56: SERVICE BULLETIN | BH56: 1057403 | BI56: SB NOSE CONE UNION REPAIR
A57: =I57&J57 -> 461594300008524 | B57: =_xlfn.CONCAT(T57,R57) -> GP004219B864 | D57: 0 | E57: 42422903 | F57: DMC_Z00540RF | G57: DMC_Z00540RF | H57: UB | I57: 46159 | J57: 4300008524 | K57: 60 | M57: 7499 | N57: B8D1 | O57: 2N01 | P57: 46159 | R57: B864 | S57: SAV1 | T57: GP004219 | U57: WAS ISO7093-1 12 200HV FLZNL NC 1000H | V57: 1026 | W57: PC | X57: PC | Y57: 0 | Z57: ZBR | AB57: N_NAC | AC57: Q | AD57: PARTPEC | AE57: 73182200 | AF57: 0 | AG57: 0 | AH57: 0 | AI57: ZBRW06_QUA | AJ57: 2 | AK57: 1026 | AL57: PC | AM57: 46260 | AN57: 46254 | AO57: 46254 | AP57: 46258 | AQ57: 46258 | AR57: 46260 | AS57: 46262 | AT57: RM2000 | AV57: R | AX57: 33 | AY57: 2 | BA57: 0 | BB57: PC | BC57: 80021142 | BD57: 357 | BE57: 46170 | BF57: C | BG57: SERVICE BULLETIN | BH57: 1057403 | BI57: SB B33062000
A58: =I58&J58 -> 461594300008525 | B58: =_xlfn.CONCAT(T58,R58) -> GP589016B856 | D58: 0 | E58: 42422905 | F58: DMC_Z00540RF | G58: DMC_Z00540RF | H58: UB | I58: 46159 | J58: 4300008525 | K58: 200 | M58: 7499 | N58: B8D1 | O58: 2N01 | P58: 46159 | R58: B856 | S58: SVS1 | T58: GP589016 | U58: BUSHING ED30 ID13 H20 VHC | V58: 99 | W58: PC | X58: PC | Y58: 0 | Z58: ZBR | AB58: N_IMP | AC58: Q | AD58: PARTPEC | AE58: 73182900 | AF58: 0 | AG58: 1 | AH58: 0 | AI58: ZBRW06_QUA | AJ58: 1 | AK58: 0 | AL58: PC | AM58: 46265 | AN58: 46254 | AO58: 46254 | AP58: 46258 | AQ58: 46258 | AR58: 46260 | AS58: 46260 | AT58: RM2000 | AV58: R | AX58: 0 | AY58: 0 | BA58: 0 | BB58: PC | BC58: #N/A | BD58: #N/A | BE58: #N/A | BF58: #N/A | BG58: SERVICE BULLETIN | BH58: 1057403 | BI58: SB B33132102
A59: =I59&J59 -> 461594300008526 | B59: =_xlfn.CONCAT(T59,R59) -> GP055944B833 | D59: 0 | E59: 42422911 | F59: DMC_Z00540RF | G59: DMC_Z00540RF | H59: UB | I59: 46159 | J59: 4300008526 | K59: 30 | M59: 7499 | N59: B8D1 | O59: 2N01 | P59: 46159 | R59: B833 | S59: SUV2 | T59: GP055944 | U59: ARRUELA VEDADA SEG.M8 PARA PORCA HEX. | V59: 460 | W59: PC | X59: PC | Y59: 0 | Z59: ZBR | AB59: N_NAC | AC59: Q | AD59: PARTPEC | AE59: 73182100 | AF59: 0 | AG59: 0 | AH59: 0 | AI59: ZBRW05_SEX | AJ59: 2 | AK59: 460 | AL59: PC | AM59: 46262 | AN59: 46258 | AO59: 46258 | AP59: 46260 | AQ59: 46260 | AR59: 46262 | AS59: 46262 | AT59: RM2000 | AV59: R | AX59: 0 | AY59: 0 | BA59: 0 | BB59: PC | BC59: #N/A | BD59: #N/A | BE59: #N/A | BF59: #N/A | BG59: SERVICE BULLETIN | BH59: 1057403 | BI59: SB B25132104
A60: =I60&J60 -> 461594300008528 | B60: =_xlfn.CONCAT(T60,R60) -> GP089087B867 | D60: 0 | E60: 42423562 | F60: DMC_Z00540RF | G60: DMC_Z00540RF | H60: UB | I60: 46159 | J60: 4300008528 | K60: 80 | M60: 7499 | N60: B8D1 | O60: 2N01 | P60: 46259 | R60: B867 | S60: SVM3 | T60: GP089087 | U60: PINTURA AMARELA FIXIOLID | V60: 94 | W60: PC | X60: PC | Y60: 0 | Z60: ZBR | AD60: CONSUM | AE60: 96082000 | AF60: 2 | AG60: 0 | AH60: 0 | AI60: ZBRW06_QUA | AJ60: 1 | AK60: 0 | AL60: PC | AM60: 47177 | AN60: 47171 | AO60: 47171 | AP60: 47175 | AQ60: 47175 | AR60: 47177 | AS60: 47179 | AT60: RM2000 | AV60: R | AX60: 55 | AY60: 2 | BA60: 94 | BB60: PC | BC60: #N/A | BD60: #N/A | BE60: #N/A | BF60: #N/A | BG60: SERVICE BULLETIN | BH60: 1057403 | BI60: SB B33132102
A61: =I61&J61 -> 461594300008533 | B61: =_xlfn.CONCAT(T61,R61) -> GP095930B864 | D61: 0 | E61: 42424488 | F61: DMC_Z00540RF | G61: DMC_Z00540RF | H61: UB | I61: 46159 | J61: 4300008533 | K61: 10 | M61: 7499 | N61: B8D1 | O61: 2N01 | P61: 46262 | R61: B864 | S61: SAV1 | T61: GP095930 | U61: WAS HARD THICK 36 300HV FLZNL NC 1000H | V61: 342 | W61: PC | X61: PC | Y61: 0 | Z61: ZBR | AB61: N_NAC | AC61: Q | AD61: PARTPEC | AE61: 73182200 | AF61: 0 | AG61: 0 | AH61: 0 | AI61: ZBRW06_QUA | AJ61: 1 | AK61: 0 | AL61: PC | AM61: 46171 | AN61: 46262 | AO61: 46163 | AP61: 46167 | AQ61: 46167 | AR61: 46169 | AS61: 46191 | AT61: RM2000 | AV61: R | AX61: 45 | AY61: 16 | BA61: 0 | BB61: PC | BC61: #N/A | BD61: #N/A | BE61: #N/A | BF61: #N/A | BG61: SERVICE BULLETIN | BH61: 1057403 | BI61: SB B33132102
A62: =I62&J62 -> 461594300008534 | B62: =_xlfn.CONCAT(T62,R62) -> GP041249B825 | D62: 0 | E62: 42424489 | F62: DMC_Z00540RF | G62: DMC_Z00540RF | H62: UB | I62: 46159 | J62: 4300008534 | K62: 10 | M62: 7499 | N62: B8D1 | O62: 2N01 | P62: 46159 | R62: B825 | S62: SBN1 | T62: GP041249 | U62: WAS ISO7089 M16 300HV FLZNL NC 1000H | V62: 580 | W62: PC | X62: PC | Y62: 0 | Z62: ZBR | AB62: N_NAC | AC62: Q | AD62: PARTPEC | AE62: 73182200 | AF62: 0 | AG62: 0 | AH62: 0 | AI62: ZBRW05_SEX | AJ62: 1 | AK62: 0 | AL62: PC | AM62: 46234 | AN62: 46230 | AO62: 46230 | AP62: 46232 | AQ62: 46232 | AR62: 46234 | AS62: 46238 | AT62: RM2000 | AV62: R | AX62: 33 | AY62: 2 | BA62: 0 | BB62: PC | BC62: #N/A | BD62: #N/A | BE62: #N/A | BF62: #N/A | BG62: SERVICE BULLETIN | BH62: 1057403 | BI62: SB NOSE CONE
A63: =I63&J63 -> 461594300008535 | B63: =_xlfn.CONCAT(T63,R63) -> GP473182B857 | D63: 0 | E63: 42424824 | F63: DMC_Z00540RF | G63: DMC_Z00540RF | H63: UB | I63: 46159 | J63: 4300008535 | K63: 10 | M63: 7499 | N63: B8D1 | O63: 2N01 | P63: 46159 | R63: B857 | S63: SVS2 | T63: GP473182 | U63: NUT ISO4032 M12 10 FLZNL NC 1440H | V63: 648 | W63: PC | X63: PC | Y63: 0 | Z63: ZBR | AB63: N_IMP | AC63: Q | AD63: PARTPEC | AE63: 73181600 | AF63: 0 | AG63: 1 | AH63: 0 | AI63: ZBRW06_QUA | AJ63: 2 | AK63: 648 | AL63: PC | AM63: 46260 | AN63: 46254 | AO63: 46254 | AP63: 46258 | AQ63: 46258 | AR63: 46260 | AS63: 46260 | AT63: RM2000 | AV63: R | AX63: 0 | AY63: 0 | BA63: 0 | BB63: PC | BC63: #N/A | BD63: #N/A | BE63: #N/A | BF63: #N/A | BG63: SERVICE BULLETIN | BH63: 1057403 | BI63: SB NOSE CONE
A64: =I64&J64 -> 461594300008537 | B64: =_xlfn.CONCAT(T64,R64) -> GP473204B867 | D64: 0 | E64: 42425252 | F64: DMC_Z00540RF | G64: DMC_Z00540RF | H64: UB | I64: 46159 | J64: 4300008537 | K64: 30 | M64: 7499 | N64: B8D1 | O64: 2N01 | P64: 46159 | R64: B867 | S64: SVM3 | T64: GP473204 | U64: BUSHING ED30 ID13 H30 VHC | V64: 104 | W64: PC | X64: PC | Y64: 0 | Z64: ZBR | AB64: N_IMP | AC64: Q | AD64: PARTPEC | AE64: 73269090 | AF64: 0 | AG64: 1 | AH64: 0 | AI64: ZBRW06_QUA | AJ64: 1 | AK64: 0 | AL64: PC | AM64: 47177 | AN64: 47171 | AO64: 47171 | AP64: 47175 | AQ64: 47175 | AR64: 47177 | AS64: 47179 | AT64: RM2000 | AV64: R | AX64: 267 | AY64: 2 | BA64: 0 | BB64: PC | BC64: #N/A | BD64: #N/A | BE64: #N/A | BF64: #N/A | BG64: SERVICE BULLETIN | BH64: 1057403 | BI64: SB NOSE CONE
A65: =I65&J65 -> 461594300008538 | B65: =_xlfn.CONCAT(T65,R65) -> GP473204B864 | D65: 0 | E65: 42425253 | F65: DMC_Z00540RF | G65: DMC_Z00540RF | H65: UB | I65: 46159 | J65: 4300008538 | K65: 30 | M65: 7499 | N65: B8D1 | O65: 2N01 | P65: 46159 | R65: B864 | S65: SAV1 | T65: GP473204 | U65: BUSHING ED30 ID13 H30 VHC | V65: 114 | W65: PC | X65: PC | Y65: 0 | Z65: ZBR | AB65: N_IMP | AC65: Q | AD65: PARTPEC | AE65: 73269090 | AF65: 0 | AG65: 1 | AH65: 0 | AI65: ZBRW06_QUA | AJ65: 1 | AK65: 0 | AL65: PC | AM65: 47177 | AN65: 47171 | AO65: 47171 | AP65: 47175 | AQ65: 47175 | AR65: 47177 | AS65: 47177 | AT65: RM2000 | AV65: R | AX65: 0 | AY65: 0 | BA65: 0 | BB65: PC | BC65: #N/A | BD65: #N/A | BE65: #N/A | BF65: #N/A | BG65: SERVICE BULLETIN | BH65: 1057403 | BI65: SB NOSE CONE
A66: =I66&J66 -> 461594300008539 | B66: =_xlfn.CONCAT(T66,R66) -> GP436885B832 | D66: 0 | E66: 42425366 | G66: DMC_Z00540RF | H66: UB | I66: 46159 | J66: 4300008539 | K66: 30 | M66: 7499 | N66: B8D1 | O66: 2N01 | P66: 46227 | R66: B832 | S66: SUV1 | T66: GP436885 | U66: DUALSEAL DUMX 217 Z20 | V66: 90 | W66: PC | X66: PC | Y66: 0 | Z66: ZBR | AB66: N_IMP | AC66: Q | AD66: PARTPEC | AE66: 40169300 | AG66: 1 | AH66: 0 | AI66: ZBRW05_SEX | AJ66: 1 | AK66: 0 | AL66: PC | AM66: 45687 | AN66: 46188 | AO66: 46188 | AP66: 46190 | AQ66: 46190 | AR66: 46192 | AS66: 46196 | AT66: RM2000 | AV66: R | AX66: 252 | AY66: 2 | BA66: 90 | BB66: PC | BC66: 80023161 | BD66: 90 | BE66: 46230 | BF66: C | BG66: CORRETIVA | BH66: FMORALES | BI66: CORRETIVA
A67: =I67&J67 -> 461594300008559 | B67: =_xlfn.CONCAT(T67,R67) -> GP334751B838 | D67: 0 | E67: 42428030 | F67: DMC_Z00540RF | G67: DMC_Z00540RF | H67: UB | I67: 46159 | J67: 4300008559 | K67: 30 | M67: 7499 | N67: B8D1 | O67: 2N01 | P67: 46159 | R67: B838 | S67: SVA1 | T67: GP334751 | U67: GENERIC LSS-G BEARING | V67: 1 | W67: PC | X67: PC | Y67: 0 | Z67: ZBR | AB67: N_NAC | AC67: Q | AD67: PARTPEC | AE67: 84822090 | AF67: 0 | AG67: 0 | AH67: 0 | AI67: ZBRW06_QUA | AJ67: 1 | AK67: 0 | AL67: PC | AM67: 45777 | AN67: 46163 | AO67: 46163 | AP67: 46167 | AQ67: 46167 | AR67: 46169 | AS67: 46171 | AT67: RM2000 | AV67: R | AX67: 241 | AY67: 2 | BA67: 0 | BB67: PC | BC67: #N/A | BD67: #N/A | BE67: #N/A | BF67: #N/A | BG67: #N/A | BH67: #N/A | BI67: #N/A
A68: =I68&J68 -> 461594300008569 | B68: =_xlfn.CONCAT(T68,R68) -> GP233669B838 | D68: 0 | E68: 42429798 | F68: DMC_Z00540RF | G68: DMC_Z00540RF | H68: UB | I68: 46159 | J68: 4300008569 | K68: 20 | M68: 7499 | N68: B8D1 | O68: 2N01 | P68: 46159 | R68: B838 | S68: SVA1 | T68: GP233669 | U68: BRAKE DISC MACHINED G114 | V68: 1 | W68: PC | X68: PC | Y68: 0 | Z68: ZBR | AB68: N_IMP | AC68: Q | AD68: PARTPEC | AE68: 73269090 | AF68: 0 | AG68: 1 | AH68: 0 | AI68: ZBRW06_QUA | AJ68: 1 | AK68: 0 | AL68: PC | AM68: 45686 | AN68: 46290 | AO68: 46163 | AP68: 46167 | AQ68: 46167 | AR68: 46169 | AS68: 46171 | AT68: RM2000 | AV68: R | AX68: 163 | AY68: 2 | BA68: 0 | BB68: PC | BC68: #N/A | BD68: #N/A | BE68: #N/A | BF68: #N/A | BG68: #N/A | BH68: #N/A | BI68: #N/A
A69: =I69&J69 -> 461594300008570 | B69: =_xlfn.CONCAT(T69,R69) -> GP479700B856 | D69: 0 | E69: 42429817 | F69: DMC_Z00540RF | G69: DMC_Z00540RF | H69: UB | I69: 46159 | J69: 4300008570 | K69: 140 | M69: 7499 | N69: B8D1 | O69: 2N01 | P69: 46159 | R69: B856 | S69: SVS1 | T69: GP479700 | U69: TEMPERATURE SENSOR PT100 WY00_6501 R6 | V69: 3 | W69: PC | X69: PC | Y69: 0 | Z69: ZBR | AB69: N_IMP | AC69: Q | AD69: PARTPEC | AE69: 90251990 | AF69: 0 | AG69: 1 | AH69: 0 | AI69: ZBRW06_QUA | AJ69: 1 | AK69: 0 | AL69: PC | AM69: 45623 | AN69: 46364 | AO69: 46163 | AP69: 46167 | AQ69: 46167 | AR69: 46169 | AS69: 46171 | AT69: RM2000 | AV69: R | AX69: 187 | AY69: 2 | BA69: 0 | BB69: PC | BC69: #N/A | BD69: #N/A | BE69: #N/A | BF69: #N/A | BG69: CORRETIVA | BH69: FMORALES | BI69: Corretiva
A70: =I70&J70 -> 461594300008571 | B70: =_xlfn.CONCAT(T70,R70) -> GP479700B857 | D70: 0 | E70: 42429819 | F70: DMC_Z00540RF | G70: DMC_Z00540RF | H70: UB | I70: 46159 | J70: 4300008571 | K70: 160 | M70: 7499 | N70: B8D1 | O70: 2N01 | P70: 46159 | R70: B857 | S70: SVS2 | T70: GP479700 | U70: TEMPERATURE SENSOR PT100 WY00_6501 R6 | V70: 3 | W70: PC | X70: PC | Y70: 0 | Z70: ZBR | AB70: N_IMP | AC70: Q | AD70: PARTPEC | AE70: 90251990 | AF70: 0 | AG70: 1 | AH70: 0 | AI70: ZBRW06_QUA | AJ70: 1 | AK70: 0 | AL70: PC | AM70: 45623 | AN70: 46364 | AO70: 46163 | AP70: 46167 | AQ70: 46167 | AR70: 46169 | AS70: 46171 | AT70: RM2000 | AV70: R | AX70: 187 | AY70: 2 | BA70: 0 | BB70: PC | BC70: #N/A | BD70: #N/A | BE70: #N/A | BF70: #N/A | BG70: CORRETIVA | BH70: FMORALES | BI70: Corretiva
A71: =I71&J71 -> 461594300008572 | B71: =_xlfn.CONCAT(T71,R71) -> GP525861B856 | D71: 0 | E71: 42430196 | F71: DMC_Z00540RF | G71: DMC_Z00540RF | H71: UB | I71: 46159 | J71: 4300008572 | K71: 20 | M71: 7499 | N71: B8D1 | O71: 2N01 | P71: 46159 | R71: B856 | S71: SVS1 | T71: GP525861 | U71: BACK-UP RING 130.89X140.19X1.52 | V71: 4 | W71: PC | X71: PC | Y71: 0 | Z71: ZBR | AB71: N_IMP | AC71: Q | AD71: PARTPEC | AE71: 39269090 | AF71: 0 | AG71: 1 | AH71: 0 | AI71: ZBRW06_QUA | AJ71: 1 | AK71: 0 | AL71: PC | AM71: 45687 | AN71: 46351 | AO71: 46163 | AP71: 46167 | AQ71: 46167 | AR71: 46169 | AS71: 46171 | AT71: RM2000 | AV71: R | AX71: 176 | AY71: 2 | BA71: 0 | BB71: PC | BC71: #N/A | BD71: #N/A | BE71: #N/A | BF71: #N/A | BG71: CORRETIVA | BH71: FMORALES | BI71: Corretiva
A72: =I72&J72 -> 461594300008573 | B72: =_xlfn.CONCAT(T72,R72) -> GP525861B857 | D72: 0 | E72: 42430200 | F72: DMC_Z00540RF | G72: DMC_Z00540RF | H72: UB | I72: 46159 | J72: 4300008573 | K72: 20 | M72: 7499 | N72: B8D1 | O72: 2N01 | P72: 46159 | R72: B857 | S72: SVS2 | T72: GP525861 | U72: BACK-UP RING 130.89X140.19X1.52 | V72: 10 | W72: PC | X72: PC | Y72: 0 | Z72: ZBR | AB72: N_IMP | AC72: Q | AD72: PARTPEC | AE72: 39269090 | AF72: 0 | AG72: 1 | AH72: 0 | AI72: ZBRW06_QUA | AJ72: 1 | AK72: 0 | AL72: PC | AM72: 45657 | AN72: 46351 | AO72: 46163 | AP72: 46167 | AQ72: 46167 | AR72: 46169 | AS72: 46171 | AT72: RM2000 | AV72: R | AX72: 176 | AY72: 2 | BA72: 0 | BB72: PC | BC72: #N/A | BD72: #N/A | BE72: #N/A | BF72: #N/A | BG72: CORRETIVA | BH72: FMORALES | BI72: Corretiva
A73: =I73&J73 -> 461594300008580 | B73: =_xlfn.CONCAT(T73,R73) -> GP089087B856 | D73: 0 | E73: 42431502 | F73: DMC_Z00540RF | G73: DMC_Z00540RF | H73: UB | I73: 46159 | J73: 4300008580 | K73: 20 | M73: 7499 | N73: B8D1 | O73: 2N01 | P73: 46159 | R73: B856 | S73: SVS1 | T73: GP089087 | U73: PINTURA AMARELA FIXIOLID | V73: 120 | W73: PC | X73: PC | Y73: 0 | Z73: ZBR | AD73: CONSUM | AE73: 96082000 | AF73: 2 | AG73: 0 | AH73: 0 | AI73: ZBRW06_QUA | AJ73: 1 | AK73: 0 | AL73: PC | AM73: 46265 | AN73: 46254 | AO73: 46254 | AP73: 46258 | AQ73: 46258 | AR73: 46260 | AS73: 46262 | AT73: RM2000 | AV73: R | AX73: 55 | AY73: 2 | BA73: 0 | BB73: PC | BC73: #N/A | BD73: #N/A | BE73: #N/A | BF73: #N/A | BG73: SERVICE BULLETIN | BH73: 1057403 | BI73: SB NOSE CONE
A74: =I74&J74 -> 461594300008581 | B74: =_xlfn.CONCAT(T74,R74) -> P390351B825 | D74: 0 | E74: 42431702 | F74: DMC_Z00540RF | G74: DMC_Z00540RF | H74: UB | I74: 46159 | J74: 4300008581 | K74: 30 | M74: 7499 | N74: B8D1 | O74: 2N01 | P74: 46188 | R74: B825 | S74: SBN1 | T74: P390351 | U74: FLANGE PARA CABOS 290X4,8MM BLACK | V74: 440 | W74: PC | X74: PC | Y74: 0 | Z74: ZBR | AB74: N_NAC | AC74: Q | AD74: PARTPEC | AE74: 39269090 | AF74: 0 | AG74: 0 | AH74: 0 | AI74: ZBRW05_SEX | AJ74: 1 | AK74: 0 | AL74: PC | AM74: 46265 | AN74: 46258 | AO74: 46258 | AP74: 46260 | AQ74: 46260 | AR74: 46262 | AS74: 46266 | AT74: RM2000 | AV74: R | AX74: 104 | AY74: 2 | BA74: 400 | BB74: PC | BC74: 80022995 | BD74: 8690 | BE74: 46230 | BF74: C | BG74: SERVICE BULLETIN | BH74: 1057403 | BI74: SB
A75: =I75&J75 -> 461594300008582 | B75: =_xlfn.CONCAT(T75,R75) -> GP326156B856 | D75: 0 | E75: 42431898 | F75: DMC_Z00540RF | G75: DMC_Z00540RF | H75: UB | I75: 46159 | J75: 4300008582 | K75: 50 | M75: 7499 | N75: B8D1 | O75: 2N01 | P75: 46159 | R75: B856 | S75: SVS1 | T75: GP326156 | U75: SPEC BOLT ISO4014 M52X320 10.9 DAC500B | V75: 5 | W75: PC | X75: PC | Y75: 0 | Z75: ZBR | AB75: N_NAC | AC75: Q | AD75: PARTPEC | AE75: 73181500 | AF75: 0 | AG75: 0 | AH75: 0 | AI75: ZBRW06_QUA | AJ75: 1 | AK75: 0 | AL75: PC | AM75: 45746 | AN75: 46163 | AO75: 46163 | AP75: 46167 | AQ75: 46167 | AR75: 46169 | AS75: 46169 | AT75: RM2000 | AV75: R | AX75: 0 | AY75: 0 | BA75: 0 | BB75: PC | BC75: #N/A | BD75: #N/A | BE75: #N/A | BF75: #N/A | BG75: GGCC | BH75: 1066595 | BI75: TROCA MAIN SHAFT G132/120/VPBII-03 Vila Paraiba II(Mel I)
A76: =I76&J76 -> 461594300008588 | B76: =_xlfn.CONCAT(T76,R76) -> GP386042B864 | D76: 0 | E76: 42432983 | F76: DMC_Z00540RF | G76: DMC_Z00540RF | H76: UB | I76: 46159 | J76: 4300008588 | K76: 10 | M76: 7499 | N76: B8D1 | O76: 2N01 | P76: 46159 | R76: B864 | S76: SAV1 | T76: GP386042 | U76: PRESSURE SWITCH 50-350BAR NCC/NOC | V76: 1 | W76: PC | X76: PC | Y76: 0 | Z76: ZBR | AB76: N_IMP | AC76: Q | AD76: PARTPEC | AE76: 90322000 | AF76: 0 | AG76: 1 | AH76: 0 | AI76: ZBRW06_QUA | AJ76: 1 | AK76: 0 | AL76: PC | AM76: 45677 | AN76: 46302 | AO76: 46163 | AP76: 46167 | AQ76: 46167 | AR76: 46169 | AS76: 46171 | AT76: RM2000 | AV76: R | AX76: 33 | AY76: 2 | BA76: 0 | BB76: PC | BC76: #N/A | BD76: #N/A | BE76: #N/A | BF76: #N/A | BG76: LRR | BH76: EOLIVEIRA | BI76: LRR
A77: =I77&J77 -> 461594300008591 | B77: =_xlfn.CONCAT(T77,R77) -> GP396897B857 | D77: 0 | E77: 42433186 | F77: DMC_Z00540RF | G77: DMC_Z00540RF | H77: UB | I77: 46159 | J77: 4300008591 | K77: 120 | M77: 7499 | N77: B8D1 | O77: 2N01 | P77: 46159 | R77: B857 | S77: SVS2 | T77: GP396897 | U77: TORQUE ARM BLOCK 1 MACHINED | V77: 6 | W77: PC | X77: PC | Y77: 0 | Z77: ZBR | AB77: N_IMP | AC77: Q | AD77: PARTPEC | AE77: 84836090 | AF77: 0 | AG77: 1 | AH77: 0 | AI77: ZBRW06_QUA | AJ77: 1 | AK77: 0 | AL77: PC | AM77: 45649 | AN77: 46163 | AO77: 46163 | AP77: 46167 | AQ77: 46167 | AR77: 46169 | AS77: 46171 | AT77: RM2000 | AV77: R | AX77: 194 | AY77: 2 | BA77: 6 | BB77: PC | BC77: #N/A | BD77: #N/A | BE77: #N/A | BF77: #N/A | BG77: CORRETIVA | BH77: MRAMOS | BI77: CORRETIVA
A78: =I78&J78 -> 461594300008592 | B78: =_xlfn.CONCAT(T78,R78) -> GP462176B865 | D78: 0 | E78: 42433190 | F78: DMC_Z00540RF | G78: DMC_Z00540RF | H78: UB | I78: 46159 | J78: 4300008592 | K78: 80 | M78: 7499 | N78: B8D1 | O78: 2N01 | P78: 46159 | R78: B865 | S78: STS1 | T78: GP462176 | U78: BOLT ISO4014 M30X120 12.9 DACROMET | V78: 40 | W78: PC | X78: PC | Y78: 0 | Z78: ZBR | AB78: N_NAC | AC78: Q | AD78: PARTPEC | AE78: 73181500 | AF78: 0 | AG78: 0 | AH78: 0 | AI78: ZBRW05_SEX | AJ78: 1 | AK78: 0 | AL78: PC | AM78: 45688 | AN78: 46160 | AO78: 46160 | AP78: 46162 | AQ78: 46162 | AR78: 46164 | AS78: 46164 | AT78: RM2000 | AV78: R | AX78: 0 | AY78: 0 | BA78: 0 | BB78: PC | BC78: #N/A | BD78: #N/A | BE78: #N/A | BF78: #N/A | BG78: GGCC | BH78: 1066595 | BI78: Troca Main shaft G132 - TRS01-17 Terra Santa I
A79: =I79&J79 -> 461594300008595 | B79: =_xlfn.CONCAT(T79,R79) -> GP139201B857 | D79: 0 | E79: 42433256 | F79: DMC_Z00540RF | G79: DMC_Z00540RF | H79: UB | I79: 46159 | J79: 4300008595 | K79: 50 | M79: 7499 | N79: B8D1 | O79: 2N01 | P79: 46159 | R79: B857 | S79: SVS2 | T79: GP139201 | U79: GENERIC HYD. FILTER ELEMENT 3MICRON | V79: 35 | W79: PC | X79: PC | Y79: 0 | Z79: ZBR | AB79: N_IMP | AC79: Q | AD79: PARTPEC | AE79: 84219999 | AF79: 0 | AG79: 1 | AH79: 0 | AI79: ZBRW06_QUA | AJ79: 1 | AK79: 0 | AL79: PC | AM79: 45988 | AN79: 46163 | AO79: 46163 | AP79: 46167 | AQ79: 46167 | AR79: 46169 | AS79: 46171 | AT79: RM2000 | AV79: R | AX79: 204 | AY79: 2 | BA79: 35 | BB79: PC | BC79: 80021810 | BD79: 35 | BE79: 46191 | BF79: C | BG79: PREVENTIVA | BH79: EOLIVEIRA | BI79: PREVENTIVO
A80: =I80&J80 -> 461594300008596 | B80: =_xlfn.CONCAT(T80,R80) -> 1R4689A9AACB856 | D80: 0 | E80: 42433311 | F80: DMC_Z00540RF | G80: DMC_Z00540RF | H80: UB | I80: 46159 | J80: 4300008596 | K80: 10 | M80: 7499 | N80: B8D1 | O80: 2N01 | P80: 46159 | R80: B856 | S80: SVS1 | T80: 1R4689A9AAC | U80: POLYAMIDE CORRUGATED TUBE 6 | V80: 52 | W80: M | X80: M | Y80: 0 | Z80: ZBR | AB80: N_IMP | AC80: Q | AD80: PARTPEC | AE80: 39173100 | AF80: 0 | AG80: 1 | AH80: 0 | AI80: ZBRW06_QUA | AJ80: 1 | AK80: 0 | AL80: M | AM80: 45649 | AN80: 46384 | AO80: 46163 | AP80: 46167 | AQ80: 46167 | AR80: 46169 | AS80: 46171 | AT80: RM2000 | AV80: R | AX80: 206 | AY80: 2 | BA80: 0 | BB80: M | BC80: #N/A | BD80: #N/A | BE80: #N/A | BF80: #N/A | BG80: CORRETIVA | BH80: MRAMOS | BI80: Corretiva
A81: =I81&J81 -> 461594300008635 | B81: =_xlfn.CONCAT(T81,R81) -> GP615165B857 | D81: 0 | E81: 42435953 | F81: DMC_Z00540RF | G81: DMC_Z00540RF | H81: UB | I81: 46159 | J81: 4300008635 | K81: 10 | M81: 7499 | N81: B8D1 | O81: 2N01 | P81: 46159 | R81: B857 | S81: SVS2 | T81: GP615165 | U81: CABLE 5X2.5MM2 6078291 | V81: 2 | W81: PC | X81: PC | Y81: 0 | Z81: ZBR | AB81: N_IMP | AC81: Q | AD81: PARTPEC | AE81: 85444200 | AF81: 0 | AG81: 1 | AH81: 0 | AI81: ZBRW06_QUA | AJ81: 1 | AK81: 0 | AL81: PC | AM81: 45649 | AN81: 46163 | AO81: 46163 | AP81: 46167 | AQ81: 46167 | AR81: 46169 | AS81: 46171 | AT81: RM2000 | AV81: R | AX81: 101 | AY81: 2 | BA81: 2 | BB81: PC | BC81: 80021810 | BD81: 2 | BE81: 46191 | BF81: C | BG81: CORRETIVA | BH81: EOLIVEIRA | BI81: Corretiva - falha elevador
A82: =I82&J82 -> 461594300008638 | B82: =_xlfn.CONCAT(T82,R82) -> GP430419B857 | D82: 0 | E82: 42436076 | F82: DMC_Z00540RF | G82: DMC_Z00540RF | H82: UB | I82: 46159 | J82: 4300008638 | K82: 70 | M82: 7499 | N82: B8D1 | O82: 2N01 | P82: 46159 | R82: B857 | S82: SVS2 | T82: GP430419 | U82: AIR BREATHER FILTER 3UM 1.5M3/MIN | V82: 14 | W82: PC | X82: PC | Y82: 0 | Z82: ZBR | AB82: N_NAC | AC82: Q | AD82: PARTPEC | AE82: 84213990 | AF82: 0 | AG82: 0 | AH82: 0 | AI82: ZBRW06_QUA | AJ82: 1 | AK82: 0 | AL82: PC | AM82: 45892 | AN82: 46163 | AO82: 46163 | AP82: 46167 | AQ82: 46167 | AR82: 46169 | AS82: 46171 | AT82: RM2000 | AV82: R | AX82: 154 | AY82: 2 | BA82: 14 | BB82: PC | BC82: 80021810 | BD82: 14 | BE82: 46191 | BF82: C | BG82: PREVENTIVA | BH82: EOLIVEIRA | BI82: Preventivo
A83: =I83&J83 -> 461594300008639 | B83: =_xlfn.CONCAT(T83,R83) -> GP008340B838 | D83: 0 | E83: 42436096 | F83: DMC_Z00540RF | G83: DMC_Z00540RF | H83: UB | I83: 46159 | J83: 4300008639 | K83: 160 | M83: 7499 | N83: B8D1 | O83: 2N01 | P83: 46159 | R83: B838 | S83: SVA1 | T83: GP008340 | U83: SCR ISO4017 M10X40 8.8 FLZNL NC 1000H | V83: 78 | W83: PC | X83: PC | Y83: 0 | Z83: ZBR | AB83: N_IMP | AC83: Q | AD83: PARTPEC | AE83: 73181500 | AF83: 0 | AG83: 1 | AH83: 0 | AI83: ZBRW06_QUA | AJ83: 2 | AK83: 78 | AL83: PC | AM83: 46260 | AN83: 46254 | AO83: 46254 | AP83: 46258 | AQ83: 46258 | AR83: 46260 | AS83: 46260 | AT83: RM2000 | AV83: R | AX83: 0 | AY83: 0 | BA83: 0 | BB83: PC | BC83: #N/A | BD83: #N/A | BE83: #N/A | BF83: #N/A | BG83: #N/A | BH83: #N/A | BI83: #N/A
A84: =I84&J84 -> 461594300008649 | B84: =_xlfn.CONCAT(T84,R84) -> GP473176B857 | D84: 0 | E84: 42436706 | F84: DMC_Z00540RF | G84: DMC_Z00540RF | H84: UB | I84: 46159 | J84: 4300008649 | K84: 20 | M84: 7499 | N84: B8D1 | O84: 2N01 | P84: 46159 | R84: B857 | S84: SVS2 | T84: GP473176 | U84: NUT ISO4032 M16 10 FLZNL NC 1440H | V84: 324 | W84: PC | X84: PC | Y84: 0 | Z84: ZBR | AB84: N_NAC | AC84: Q | AD84: PARTPEC | AE84: 73181600 | AF84: 0 | AG84: 0 | AH84: 0 | AI84: ZBRW06_QUA | AJ84: 1 | AK84: 0 | AL84: PC | AM84: 46265 | AN84: 46254 | AO84: 46254 | AP84: 46258 | AQ84: 46258 | AR84: 46260 | AS84: 46260 | AT84: RM2000 | AV84: R | AX84: 0 | AY84: 0 | BA84: 321 | BB84: PC | BC84: 80022507 | BD84: 321 | BE84: 46219 | BF84: C | BG84: SERVICE BULLETIN | BH84: 1057403 | BI84: SB NOSE CONE
A85: =I85&J85 -> 461594300008651 | B85: =_xlfn.CONCAT(T85,R85) -> GP479694B857 | D85: 0 | E85: 42437036 | F85: DMC_Z00540RF | G85: DMC_Z00540RF | H85: UB | I85: 46159 | J85: 4300008651 | K85: 80 | M85: 7499 | N85: B8D1 | O85: 2N01 | P85: 46159 | R85: B857 | S85: SVS2 | T85: GP479694 | U85: BRUSH WN 711GC R7 | V85: 168 | W85: PC | X85: PC | Y85: 0 | Z85: ZBR | AB85: N_IMP | AC85: Q | AD85: PARTPEC | AE85: 85452000 | AF85: 0 | AG85: 1 | AH85: 0 | AI85: ZBRW06_QUA | AJ85: 1 | AK85: 0 | AL85: PC | AM85: 45988 | AN85: 46163 | AO85: 46163 | AP85: 46167 | AQ85: 46167 | AR85: 46169 | AS85: 46171 | AT85: RM2000 | AV85: R | AX85: 163 | AY85: 2 | BA85: 168 | BB85: PC | BC85: 80021810 | BD85: 168 | BE85: 46191 | BF85: C | BG85: LRR | BH85: EOLIVEIRA | BI85: LRR
A86: =I86&J86 -> 461594300008665 | B86: =_xlfn.CONCAT(T86,R86) -> GP440217B856 | D86: 0 | E86: 42438724 | F86: DMC_Z00540RF | G86: DMC_Z00540RF | H86: UB | I86: 46159 | J86: 4300008665 | K86: 30 | M86: 7499 | N86: B8D1 | O86: 2N01 | P86: 46159 | R86: B856 | S86: SVS1 | T86: GP440217 | U86: OFFLINE FILTER INSERT 15/36 | V86: 1 | W86: PC | X86: PC | Y86: 0 | Z86: ZBR | AB86: N_IMP | AC86: Q | AD86: PARTPEC | AE86: 84219999 | AF86: 0 | AG86: 1 | AH86: 0 | AI86: ZBRW06_QUA | AJ86: 1 | AK86: 0 | AL86: PC | AM86: 45746 | AN86: 46237 | AO86: 46163 | AP86: 46167 | AQ86: 46167 | AR86: 46169 | AS86: 46171 | AT86: RM2000 | AV86: R | AX86: 163 | AY86: 2 | BA86: 0 | BB86: PC | BC86: #N/A | BD86: #N/A | BE86: #N/A | BF86: #N/A | BG86: GGCC | BH86: 1066595 | BI86: Troca GC - Guerbox G132/120/ VCEII-01 Vila Ceara II (Mel I)
A87: =I87&J87 -> 461594300008723 | B87: =_xlfn.CONCAT(T87,R87) -> P393073B833 | D87: 0 | E87: 42444158 | F87: DMC_Z00540RF | G87: DMC_Z00540RF | H87: UB | I87: 46159 | J87: 4300008723 | K87: 10 | M87: 7499 | N87: B8D1 | O87: 2N01 | P87: 46159 | R87: B833 | S87: SUV2 | T87: P393073 | U87: MOTOR BMG ECS63G4NIAB2 1380RPM 0.15KW 1. | V87: 2 | W87: PC | X87: PC | Y87: 0 | Z87: ZBR | AB87: N_IMP | AC87: Q | AD87: PARTPEC | AE87: 85015110 | AF87: 0 | AG87: 1 | AH87: 0 | AI87: ZBRW05_SEX | AJ87: 1 | AK87: 0 | AL87: PC | AM87: 45740 | AN87: 46331 | AO87: 46160 | AP87: 46162 | AQ87: 46162 | AR87: 46164 | AS87: 46168 | AT87: RM2000 | AV87: R | AX87: 33 | AY87: 2 | BA87: 0 | BB87: PC | BC87: #N/A | BD87: #N/A | BE87: #N/A | BF87: #N/A | BG87: LRR | BH87: MRAMOS | BI87: LRR
A88: =I88&J88 -> 461594300008724 | B88: =_xlfn.CONCAT(T88,R88) -> P393073B825 | D88: 0 | E88: 42444165 | F88: DMC_Z00540RF | G88: DMC_Z00540RF | H88: UB | I88: 46159 | J88: 4300008724 | K88: 10 | M88: 7499 | N88: B8D1 | O88: 2N01 | P88: 46159 | R88: B825 | S88: SBN1 | T88: P393073 | U88: MOTOR BMG ECS63G4NIAB2 1380RPM 0.15KW 1. | V88: 2 | W88: PC | X88: PC | Y88: 0 | Z88: ZBR | AB88: N_IMP | AC88: Q | AD88: PARTPEC | AE88: 85015110 | AF88: 0 | AG88: 1 | AH88: 0 | AI88: ZBRW05_SEX | AJ88: 1 | AK88: 0 | AL88: PC | AM88: 45810 | AN88: 46331 | AO88: 46160 | AP88: 46162 | AQ88: 46162 | AR88: 46164 | AS88: 46168 | AT88: RM2000 | AV88: R | AX88: 33 | AY88: 2 | BA88: 0 | BB88: PC | BC88: 80021160 | BD88: 2 | BE88: 46175 | BF88: C | BG88: LRR | BH88: MRAMOS | BI88: LRR
A89: =I89&J89 -> 461594300008741 | B89: =_xlfn.CONCAT(T89,R89) -> GP018876B867 | D89: 0 | E89: 42445257 | F89: DMC_Z00540RF | G89: DMC_Z00540RF | H89: UB | I89: 46159 | J89: 4300008741 | K89: 60 | M89: 7499 | N89: B8D1 | O89: 2N01 | P89: 46159 | R89: B867 | S89: SVM3 | T89: GP018876 | U89: GENERICO FILTRO | V89: 123 | W89: PC | X89: PC | Y89: 0 | Z89: ZBR | AB89: N_IMP | AC89: Q | AD89: PARTPEC | AE89: 84212990 | AF89: 0 | AG89: 1 | AH89: 0 | AI89: ZBRW06_QUA | AJ89: 1 | AK89: 0 | AL89: PC | AM89: 46078 | AN89: 46163 | AO89: 46163 | AP89: 46167 | AQ89: 46167 | AR89: 46169 | AS89: 46171 | AT89: RM2000 | AV89: R | AX89: 62 | AY89: 2 | BA89: 0 | BB89: PC | BC89: 80023163 | BD89: 12 | BE89: 46233 | BF89: C | BG89: LRR | BH89: EOLIVEIRA | BI89: LRR
A90: =I90&J90 -> 461594300008742 | B90: =_xlfn.CONCAT(T90,R90) -> 50973B838 | D90: 0 | E90: 42445260 | F90: DMC_Z00540RF | G90: DMC_Z00540RF | H90: UB | I90: 46159 | J90: 4300008742 | K90: 20 | M90: 7499 | N90: B8D1 | O90: 2N01 | P90: 46159 | R90: B838 | S90: SVA1 | T90: 50973 | U90: F. ALIMENTAÇÃO QUINT-PS-100-240AC-24DC-1 | V90: 1 | W90: PC | X90: PC | Y90: 0 | Z90: ZBR | AB90: N_IMP | AC90: Q | AD90: PARTPEC | AE90: 85044090 | AF90: 0 | AG90: 1 | AH90: 0 | AI90: ZBRW06_QUA | AJ90: 1 | AK90: 0 | AL90: PC | AM90: 45789 | AN90: 46196 | AO90: 46163 | AP90: 46167 | AQ90: 46167 | AR90: 46169 | AS90: 46171 | AT90: RM2000 | AV90: R | AX90: 33 | AY90: 2 | BA90: 0 | BB90: PC | BC90: #N/A | BD90: #N/A | BE90: #N/A | BF90: #N/A | BG90: #N/A | BH90: #N/A | BI90: #N/A
A91: =I91&J91 -> 461594300008743 | B91: =_xlfn.CONCAT(T91,R91) -> GP554973B838 | D91: 0 | E91: 42445274 | F91: DMC_Z00540RF | G91: DMC_Z00540RF | H91: UB | I91: 46159 | J91: 4300008743 | K91: 60 | M91: 7499 | N91: B8D1 | O91: 2N01 | P91: 46159 | R91: B838 | S91: SVA1 | T91: GP554973 | U91: INTERCONNECTION MODULE 14VIAS/8CHANNELS | V91: 1 | W91: PC | X91: PC | Y91: 0 | Z91: ZBR | AB91: N_IMP | AC91: Q | AD91: PARTPEC | AE91: 85176259 | AF91: 0 | AG91: 1 | AH91: 0 | AI91: ZBRW06_QUA | AJ91: 1 | AK91: 0 | AL91: PC | AM91: 45955 | AN91: 46339 | AO91: 46163 | AP91: 46167 | AQ91: 46167 | AR91: 46169 | AS91: 46171 | AT91: RM2000 | AV91: R | AX91: 163 | AY91: 2 | BA91: 0 | BB91: PC | BC91: #N/A | BD91: #N/A | BE91: #N/A | BF91: #N/A | BG91: #N/A | BH91: #N/A | BI91: #N/A
A92: =I92&J92 -> 461594300008745 | B92: =_xlfn.CONCAT(T92,R92) -> GP642913B825 | D92: 0 | E92: 42445608 | F92: DMC_Z00540RF | G92: DMC_Z00540RF | H92: UB | I92: 46159 | J92: 4300008745 | K92: 10 | M92: 7499 | N92: B8D1 | O92: 2N01 | P92: 46159 | R92: B825 | S92: SBN1 | T92: GP642913 | U92: ROUND SEAL FOR HOSES ENTRY. Ø=120MM | V92: 1 | W92: PC | X92: PC | Y92: 0 | Z92: ZBR | AB92: N_IMP | AC92: Q | AD92: PARTPEC | AE92: 40169300 | AF92: 0 | AG92: 1 | AH92: 0 | AI92: ZBRW05_SEX | AJ92: 1 | AK92: 0 | AL92: PC | AM92: 45882 | AN92: 46386 | AO92: 46160 | AP92: 46162 | AQ92: 46162 | AR92: 46164 | AS92: 46168 | AT92: RM2000 | AV92: R | AX92: 238 | AY92: 2 | BA92: 0 | BB92: PC | BC92: #N/A | BD92: #N/A | BE92: #N/A | BF92: #N/A | BG92: CORRETIVA | BH92: MRAMOS | BI92: CORRETIVO
A93: =I93&J93 -> 461594300008748 | B93: =_xlfn.CONCAT(T93,R93) -> GP271466B825 | D93: 0 | E93: 42445808 | F93: DMC_Z00540RF | G93: DMC_Z00540RF | H93: UB | I93: 46159 | J93: 4300008748 | K93: 80 | M93: 7499 | N93: B8D1 | O93: 2N01 | P93: 46159 | R93: B825 | S93: SBN1 | T93: GP271466 | U93: AUX DISTANCE SLEEVE HSS-GG GBOX2.5 | V93: 1 | W93: PC | X93: PC | Y93: 0 | Z93: ZBR | AB93: N_IMP | AC93: Q | AD93: PARTPEC | AE93: 73269090 | AF93: 0 | AG93: 1 | AH93: 0 | AI93: ZBRW05_SEX | AJ93: 1 | AK93: 0 | AL93: PC | AM93: 45748 | AN93: 46160 | AO93: 46160 | AP93: 46162 | AQ93: 46162 | AR93: 46164 | AS93: 46168 | AT93: RM2000 | AV93: R | AX93: 242 | AY93: 2 | BA93: 0 | BB93: PC | BC93: #N/A | BD93: #N/A | BE93: #N/A | BF93: #N/A | BG93: REPARO UPTOWER | BH93: 1069141 | BI93: Reparo UpTower OT 405686363 - HSS SAHFT
A94: =I94&J94 -> 461594300008768 | B94: =_xlfn.CONCAT(T94,R94) -> GP526923B833 | D94: 0 | E94: 42447393 | F94: DMC_Z00540RF | G94: DMC_Z00540RF | H94: UB | I94: 46159 | J94: 4300008768 | K94: 20 | M94: 7499 | N94: B8D1 | O94: 2N01 | P94: 46159 | R94: B833 | S94: SUV2 | T94: GP526923 | U94: FAN 355 C5H | V94: 3 | W94: PC | X94: PC | Y94: 0 | Z94: ZBR | AB94: N_IMP | AC94: Q | AD94: PARTPEC | AE94: 85044090 | AF94: 0 | AG94: 1 | AH94: 0 | AI94: ZBRW05_SEX | AJ94: 1 | AK94: 0 | AL94: PC | AM94: 45817 | AN94: 46217 | AO94: 46160 | AP94: 46162 | AQ94: 46162 | AR94: 46164 | AS94: 46168 | AT94: RM2000 | AV94: R | AX94: 33 | AY94: 2 | BA94: 0 | BB94: PC | BC94: #N/A | BD94: #N/A | BE94: #N/A | BF94: #N/A | BG94: ELEVADOR/TALHA | BH94: EOLIVEIRA | BI94: Preventiva de Talhas
A95: =I95&J95 -> 461594300008771 | B95: =_xlfn.CONCAT(T95,R95) -> GP398742B857 | D95: 0 | E95: 42447407 | F95: DMC_Z00540RF | G95: DMC_Z00540RF | H95: UB | I95: 46159 | J95: 4300008771 | K95: 50 | M95: 7499 | N95: B8D1 | O95: 2N01 | P95: 46159 | R95: B857 | S95: SVS2 | T95: GP398742 | U95: SQUARE PROFILE SEAL 9.25X1.68X1.68MM | V95: 20 | W95: PC | X95: PC | Y95: 0 | Z95: ZBR | AB95: N_IMP | AC95: Q | AD95: PARTPEC | AE95: 40169300 | AF95: 0 | AG95: 1 | AH95: 0 | AI95: ZBRW06_QUA | AJ95: 1 | AK95: 0 | AL95: PC | AM95: 45820 | AN95: 46163 | AO95: 46163 | AP95: 46167 | AQ95: 46167 | AR95: 46169 | AS95: 46171 | AT95: RM2000 | AV95: R | AX95: 176 | AY95: 2 | BA95: 20 | BB95: PC | BC95: 80021810 | BD95: 20 | BE95: 46191 | BF95: C | BG95: CORRETIVA | BH95: EOLIVEIRA | BI95: CORRETIVA
A96: =I96&J96 -> 461594300008772 | B96: =_xlfn.CONCAT(T96,R96) -> GP069689B825 | D96: 0 | E96: 42447422 | F96: DMC_Z00540RF | G96: DMC_Z00540RF | H96: UB | I96: 46159 | J96: 4300008772 | K96: 20 | M96: 7499 | N96: B8D1 | O96: 2N01 | P96: 46159 | R96: B825 | S96: SBN1 | T96: GP069689 | U96: CABLE TIE 4,8X368MM | V96: 2200 | W96: PC | X96: PC | Y96: 0 | Z96: ZBR | AB96: N_IMP | AC96: Q | AD96: PARTPEC | AE96: 39269090 | AF96: 0 | AG96: 1 | AH96: 0 | AI96: ZBRW05_SEX | AJ96: 1 | AK96: 0 | AL96: PC | AM96: 46265 | AN96: 46258 | AO96: 46258 | AP96: 46260 | AQ96: 46260 | AR96: 46262 | AS96: 46262 | AT96: RM2000 | AV96: R | AX96: 0 | AY96: 0 | BA96: 2100 | BB96: PC | BC96: 80022995 | BD96: 220 | BE96: 46230 | BF96: C | BG96: SERVICE BULLETIN | BH96: 1057403 | BI96: SERVICE BULLETIN
A97: =I97&J97 -> 461594300008776 | B97: =_xlfn.CONCAT(T97,R97) -> GP554968B833 | D97: 0 | E97: 42447664 | F97: DMC_Z00540RF | G97: DMC_Z00540RF | H97: UB | I97: 46159 | J97: 4300008776 | K97: 10 | M97: 7499 | N97: B8D1 | O97: 2N01 | P97: 46159 | R97: B833 | S97: SUV2 | T97: GP554968 | U97: LEFT-ALIGNABLE INTERBUS MASTER | V97: 1 | W97: PC | X97: PC | Y97: 0 | Z97: ZBR | AB97: N_IMP | AC97: Q | AD97: PARTPEC | AE97: 85389090 | AF97: 0 | AG97: 1 | AH97: 0 | AI97: ZBRW05_SEX | AJ97: 1 | AK97: 0 | AL97: PC | AM97: 45743 | AN97: 46287 | AO97: 46160 | AP97: 46162 | AQ97: 46162 | AR97: 46164 | AS97: 46168 | AT97: RM2000 | AV97: R | AX97: 163 | AY97: 2 | BA97: 0 | BB97: PC | BC97: #N/A | BD97: #N/A | BE97: #N/A | BF97: #N/A | BG97: CORRETIVA | BH97: EOLIVEIRA | BI97: CORRETIVA – PLC OBSOLETO
A98: =I98&J98 -> 461594300008779 | B98: =_xlfn.CONCAT(T98,R98) -> GP632579B856 | D98: 0 | E98: 42447673 | F98: DMC_Z00540RF | G98: DMC_Z00540RF | H98: UB | I98: 46159 | J98: 4300008779 | K98: 50 | M98: 7499 | N98: B8D1 | O98: 2N01 | P98: 46159 | R98: B856 | S98: SVS1 | T98: GP632579 | U98: MOTOR 4P LSES132SM 5.5KW IE3 400/690Y | V98: 2 | W98: PC | X98: PC | Y98: 0 | Z98: ZBR | AB98: N_IMP | AC98: Q | AD98: PARTPEC | AE98: 85015210 | AF98: 0 | AG98: 1 | AH98: 0 | AI98: ZBRW06_QUA | AJ98: 1 | AK98: 0 | AL98: PC | AM98: 45820 | AN98: 46442 | AO98: 46163 | AP98: 46167 | AQ98: 46167 | AR98: 46169 | AS98: 46171 | AT98: RM2000 | AV98: R | AX98: 261 | AY98: 2 | BA98: 0 | BB98: PC | BC98: #N/A | BD98: #N/A | BE98: #N/A | BF98: #N/A | BG98: CORRETIVA | BH98: EOLIVEIRA | BI98: Solicitação de materiais SPOT M056 -> 18/02/2025, 27/02/2025 e
A99: =I99&J99 -> 461594300008781 | B99: =_xlfn.CONCAT(T99,R99) -> GP307736B825 | D99: 0 | E99: 42447836 | F99: DMC_Z00540RF | G99: DMC_Z00540RF | H99: UB | I99: 46159 | J99: 4300008781 | K99: 10 | M99: 7499 | N99: B8D1 | O99: 2N01 | P99: 46159 | R99: B825 | S99: SBN1 | T99: GP307736 | U99: H-1SC-16-TLML9028-TLML28-C3-685 | V99: 3 | W99: PC | X99: PC | Y99: 0 | Z99: ZBR | AB99: N_IMP | AC99: Q | AD99: PARTPEC | AE99: 40092210 | AF99: 0 | AG99: 1 | AH99: 0 | AI99: ZBRW05_SEX | AJ99: 1 | AK99: 0 | AL99: PC | AM99: 45808 | AN99: 46482 | AO99: 46160 | AP99: 46162 | AQ99: 46162 | AR99: 46164 | AS99: 46168 | AT99: RM2000 | AV99: R | AX99: 301 | AY99: 2 | BA99: 0 | BB99: PC | BC99: #N/A | BD99: #N/A | BE99: #N/A | BF99: #N/A | BG99: CORRETIVA | BH99: EOLIVEIRA | BI99: CORRETIVO
A100: =I100&J100 -> 461594300008789 | B100: =_xlfn.CONCAT(T100,R100) -> GP007339B856 | D100: 0 | E100: 42448108 | F100: DMC_Z00540RF | G100: DMC_Z00540RF | H100: UB | I100: 46159 | J100: 4300008789 | K100: 410 | M100: 7499 | N100: B8D1 | O100: 2N01 | P100: 46159 | R100: B856 | S100: SVS1 | T100: GP007339 | U100: GARRAA PARA COLETA DE AMOSTRAS DE OLEO | V100: 20 | W100: PC | X100: PC | Y100: 0 | Z100: ZBR | AD100: USOCONSUM | AE100: 39269090 | AF100: 2 | AG100: 0 | AH100: 0 | AI100: ZBRW06_QUA | AJ100: 1 | AK100: 0 | AL100: PC | AM100: 45959 | AN100: 46163 | AO100: 46163 | AP100: 46167 | AQ100: 46167 | AR100: 46169 | AS100: 46171 | AT100: RM2000 | AV100: R | AX100: 54 | AY100: 2 | BA100: 0 | BB100: PC | BC100: 80021811 | BD100: 1 | BE100: 46191 | BF100: C | BG100: LRR | BH100: EOLIVEIRA | BI100: LRR
...

Sheet LRR
A1: conc | B1: Material | C1: Área MRP | D1: Área MRP centro | E1: Perfil MRP | F1: Tipo de MRP | G1: Planejador MRP | H1: Grupo MRP | I1: Ponto reabastec. | J1: Ciclo MRP | K1: Horizonte plan.fixo | L1: Tamanho do lote MRP | M1: Perf.arredond. | N1: Valor arredondamento | O1: Tamanho mínimo lote | P1: Tamanho máximo lote | Q1: Estoque máximo | R1: Tmp.ciclo trabalho | S1: Refugo conjunto (%) | T1: Suprimento especial | U1: Depósito de produção | V1: Depós.suprimto.ext. | W1: Calendário planj. | X1: Estoque de segurança | Y1: Perfil cobertura | Z1: Tmp.seg.nec./cob.re. | AA1: Tamanho fixo do lote | AB1: CstsFixos por pedido | AC1: CódCustosArmazenagem | AD1: Grau atend. (%) | AE1: Perfil previsão | AF1: Mat.ref. - consumo | AG1: Cons.área MRP ref. | AH1: Data até | AI1: Multiplicador | AJ1: Marc.p/elimin. | AK1: Perf.per.períod.seg. | AL1: MRP necs.dependentes | AM1: Reinicializ.autom. | AN1: Status atualização | AO1: Fatores de correção | AP1: Código margem seg. | AQ1: Relevante para APO | AR1: PrzEntrPrev. | AS1: Consid.prazo entrega previsto | AT1: Modificado por | AU1: Changed on | AV1: Hora de modificação
A2: =_xlfn.CONCAT(B2,D2) -> 50013B832 | B2: 50013 | C2: B832SUV1 | D2: B832 | F2: ZY | G2: ZRP | H2: ZS20 | I2: 3 | K2: 0 | L2: WB | M2: Z001 | N2: 0 | O2: 0 | P2: 0 | Q2: 0 | R2: 0 | S2: 0 | T2: SE | U2: SUV1 | V2: SUV1 | X2: 1 | Z2: 0 | AA2: 0 | AB2: 0 | AD2: 0 | AI2: 0 | AJ2: X | AN2: D | AR2: 0 | AT2: DMC_Z00540RF | AU2: 46275 | AV2: 0.60385417
A3: =_xlfn.CONCAT(B3,D3) -> 50013B838 | B3: 50013 | C3: B838SVA1 | D3: B838 | F3: ZY | G3: ZRP | H3: ZS20 | I3: 2 | K3: 0 | L3: WB | M3: Z001 | N3: 0 | O3: 0 | P3: 0 | Q3: 0 | R3: 0 | S3: 0 | T3: SE | U3: SVA1 | V3: SVA1 | X3: 1 | Z3: 0 | AA3: 0 | AB3: 0 | AD3: 0 | AI3: 0 | AJ3: X | AN3: D | AR3: 0 | AT3: DMC_Z00540RF | AU3: 46275 | AV3: 0.60465278
A4: =_xlfn.CONCAT(B4,D4) -> 50096B857 | B4: 50096 | C4: B857SVS2 | D4: B857 | F4: ZY | G4: ZRP | H4: ZS20 | I4: 1 | K4: 0 | L4: WB | M4: Z001 | N4: 0 | O4: 0 | P4: 0 | Q4: 0 | R4: 0 | S4: 0 | T4: SE | U4: SVS2 | V4: SVS2 | X4: 1 | Z4: 0 | AA4: 0 | AB4: 0 | AD4: 0 | AI4: 0 | AJ4: X | AN4: D | AR4: 0 | AT4: DMC_Z00540RF | AU4: 46275 | AV4: 0.60532407
A5: =_xlfn.CONCAT(B5,D5) -> 50116B832 | B5: 50116 | C5: B832SUV1 | D5: B832 | F5: PD | G5: ZRP | H5: ZS20 | I5: 2 | K5: 0 | L5: WB | M5: Z001 | N5: 0 | O5: 0 | P5: 0 | Q5: 0 | R5: 0 | S5: 0 | T5: SE | U5: SUV1 | V5: SUV1 | X5: 2 | Z5: 0 | AA5: 0 | AB5: 0 | AD5: 0 | AI5: 0 | AJ5: X | AN5: D | AR5: 0 | AT5: DMC_Z00540RF | AU5: 46275 | AV5: 0.60385417
A6: =_xlfn.CONCAT(B6,D6) -> 50233B825 | B6: 50233 | C6: B825SBN1 | D6: B825 | F6: ZY | G6: ZRP | H6: ZS20 | I6: 2 | K6: 0 | L6: WB | M6: Z001 | N6: 0 | O6: 0 | P6: 0 | Q6: 0 | R6: 0 | S6: 0 | T6: SE | U6: SBN1 | V6: SBN1 | X6: 1 | Z6: 0 | AA6: 0 | AB6: 0 | AD6: 0 | AI6: 0 | AJ6: X | AN6: D | AR6: 0 | AT6: DMC_Z00540RF | AU6: 46275 | AV6: 0.60354167
A7: =_xlfn.CONCAT(B7,D7) -> 50234B832 | B7: 50234 | C7: B832SUV1 | D7: B832 | F7: ZY | G7: ZRP | H7: ZS20 | I7: 2 | K7: 0 | L7: WB | M7: Z001 | N7: 0 | O7: 0 | P7: 0 | Q7: 0 | R7: 0 | S7: 0 | T7: SE | U7: SUV1 | V7: SUV1 | X7: 1 | Z7: 0 | AA7: 0 | AB7: 0 | AD7: 0 | AI7: 0 | AJ7: X | AN7: D | AR7: 0 | AT7: DMC_Z00540RF | AU7: 46275 | AV7: 0.62333333
A8: =_xlfn.CONCAT(B8,D8) -> 50234B864 | B8: 50234 | C8: B864SAV1 | D8: B864 | F8: ZY | G8: ZRP | H8: ZS20 | I8: 2 | K8: 0 | L8: WB | M8: Z001 | N8: 0 | O8: 0 | P8: 0 | Q8: 0 | R8: 0 | S8: 0 | T8: SE | U8: SAV1 | V8: SAV1 | X8: 1 | Z8: 0 | AA8: 0 | AB8: 0 | AD8: 0 | AI8: 0 | AJ8: X | AN8: D | AR8: 0 | AT8: DMC_Z00540RF | AU8: 46275 | AV8: 0.6265162
A9: =_xlfn.CONCAT(B9,D9) -> 50234B865 | B9: 50234 | C9: B865STS1 | D9: B865 | F9: ZY | G9: ZRP | H9: ZS20 | I9: 2 | K9: 0 | L9: WB | M9: Z001 | N9: 0 | O9: 0 | P9: 0 | Q9: 0 | R9: 0 | S9: 0 | T9: SE | U9: STS1 | V9: STS1 | X9: 1 | Z9: 0 | AA9: 0 | AB9: 0 | AD9: 0 | AI9: 0 | AJ9: X | AN9: D | AR9: 0 | AT9: DMC_Z00540RF | AU9: 46275 | AV9: 0.62665509
A10: =_xlfn.CONCAT(B10,D10) -> 50235B832 | B10: 50235 | C10: B832SUV1 | D10: B832 | F10: ZY | G10: ZRP | H10: ZS20 | I10: 2 | K10: 0 | L10: WB | M10: Z001 | N10: 0 | O10: 0 | P10: 0 | Q10: 0 | R10: 0 | S10: 0 | T10: SE | U10: SUV1 | V10: SUV1 | X10: 1 | Z10: 0 | AA10: 0 | AB10: 0 | AD10: 0 | AI10: 0 | AJ10: X | AN10: D | AR10: 0 | AT10: DMC_Z00540RF | AU10: 46275 | AV10: 0.60391204
A11: =_xlfn.CONCAT(B11,D11) -> 50235B838 | B11: 50235 | C11: B838SVA1 | D11: B838 | F11: ZY | G11: ZRP | H11: ZS20 | I11: 2 | K11: 0 | L11: WB | M11: Z001 | N11: 0 | O11: 0 | P11: 0 | Q11: 0 | R11: 0 | S11: 0 | T11: SE | U11: SVA1 | V11: SVA1 | X11: 1 | Z11: 0 | AA11: 0 | AB11: 0 | AD11: 0 | AI11: 0 | AJ11: X | AN11: D | AR11: 0 | AT11: DMC_Z00540RF | AU11: 46275 | AV11: 0.60471065
A12: =_xlfn.CONCAT(B12,D12) -> 50235B856 | B12: 50235 | C12: B856SVS1 | D12: B856 | F12: ZY | G12: ZRP | H12: ZS20 | I12: 1 | K12: 0 | L12: WB | M12: Z001 | N12: 0 | O12: 0 | P12: 0 | Q12: 0 | R12: 0 | S12: 0 | T12: SE | U12: SVS1 | V12: SVS1 | X12: 1 | Z12: 0 | AA12: 0 | AB12: 0 | AD12: 0 | AI12: 0 | AJ12: X | AN12: D | AR12: 0 | AT12: DMC_Z00540RF | AU12: 46275 | AV12: 0.60523148
A13: =_xlfn.CONCAT(B13,D13) -> 50235B857 | B13: 50235 | C13: B857SVS2 | D13: B857 | F13: ZY | G13: ZRP | H13: ZS20 | I13: 2 | K13: 0 | L13: WB | M13: Z001 | N13: 0 | O13: 0 | P13: 0 | Q13: 0 | R13: 0 | S13: 0 | T13: SE | U13: SVS2 | V13: SVS2 | X13: 1 | Z13: 0 | AA13: 0 | AB13: 0 | AD13: 0 | AI13: 0 | AJ13: X | AN13: D | AR13: 0 | AT13: DMC_Z00540RF | AU13: 46275 | AV13: 0.60532407
... A190: =_xlfn.CONCAT(B190,D190) -> 1U6001JDE32B838 | B190: 1U6001JDE32 | C190: B838SVA1 | D190: B838 | F190: ZY | G190: ZRP | H190: ZS20 | I190: 1 | K190: 0 | L190: WB | M190: Z001 | N190: 0 | O190: 0 | P190: 0 | Q190: 0 | R190: 0 | S190: 0 | T190: SE | U190: SVA1 | V190: SVA1 | X190: 1 | Z190: 0 | AA190: 0 | AB190: 0 | AD190: 0 | AI190: 0 | AJ190: X | AN190: D | AR190: 0 | AT190: DMC_Z00540RF | AU190: 46275 | AV190: 0.62418981
A191: =_xlfn.CONCAT(B191,D191) -> A9B00019165B832 | B191: A9B00019165 | C191: B832SUV1 | D191: B832 | F191: PD | G191: ZRP | H191: ZS10 | I191: 10 | K191: 0 | L191: WB | M191: Z005 | N191: 0 | O191: 0 | P191: 0 | Q191: 0 | R191: 0 | S191: 0 | U191: SUV1 | V191: SUV1 | X191: 10 | Z191: 0 | AA191: 0 | AB191: 0 | AD191: 0 | AI191: 0 | AJ191: X | AN191: D | AR191: 0 | AT191: DMC_Z00540RF | AU191: 46275 | AV191: 0.60386574
A192: =_xlfn.CONCAT(B192,D192) -> A9B10239097B825 | B192: A9B10239097 | C192: B825SBN1 | D192: B825 | F192: ZY | G192: ZRP | H192: ZS20 | I192: 2 | K192: 0 | L192: WB | M192: Z001 | N192: 0 | O192: 0 | P192: 0 | Q192: 0 | R192: 0 | S192: 0 | T192: SE | U192: SBN1 | V192: SBN1 | X192: 1 | Z192: 0 | AA192: 0 | AB192: 0 | AD192: 0 | AI192: 0 | AJ192: X | AN192: D | AR192: 0 | AT192: DMC_Z00540RF | AU192: 46275 | AV192: 0.62302083
A193: =_xlfn.CONCAT(B193,D193) -> A9B10239097B856 | B193: A9B10239097 | C193: B856SVS1 | D193: B856 | F193: ZY | G193: ZRP | H193: ZS20 | I193: 2 | K193: 0 | L193: WB | M193: Z001 | N193: 0 | O193: 0 | P193: 0 | Q193: 0 | R193: 0 | S193: 0 | T193: SE | U193: SVS1 | V193: SVS1 | X193: 1 | Z193: 0 | AA193: 0 | AB193: 0 | AD193: 0 | AI193: 0 | AJ193: X | AN193: D | AR193: 0 | AT193: DMC_Z00540RF | AU193: 46275 | AV193: 0.62490741
A194: =_xlfn.CONCAT(B194,D194) -> A9B10239097B867 | B194: A9B10239097 | C194: B867SVM3 | D194: B867 | F194: ZY | G194: ZRP | H194: ZS20 | I194: 2 | K194: 0 | L194: WB | M194: Z001 | N194: 0 | O194: 0 | P194: 0 | Q194: 0 | R194: 0 | S194: 0 | T194: SE | U194: SVM3 | V194: SVM3 | X194: 1 | Z194: 0 | AA194: 0 | AB194: 0 | AD194: 0 | AI194: 0 | AJ194: X | AN194: D | AR194: 0 | AT194: DMC_Z00540RF | AU194: 46275 | AV194: 0.62737269
A195: =_xlfn.CONCAT(B195,D195) -> AIS0253B825 | B195: AIS0253 | C195: B825SBN1 | D195: B825 | F195: ZY | G195: ZRP | H195: ZS20 | I195: 2 | K195: 0 | L195: WB | M195: Z001 | N195: 0 | O195: 0 | P195: 0 | Q195: 0 | R195: 0 | S195: 0 | T195: SE | U195: SBN1 | V195: SBN1 | X195: 1 | Z195: 0 | AA195: 0 | AB195: 0 | AD195: 0 | AI195: 0 | AJ195: X | AN195: D | AR195: 0 | AT195: DMC_Z00540RF | AU195: 46275 | AV195: 0.60354167
A196: =_xlfn.CONCAT(B196,D196) -> AMB0132B825 | B196: AMB0132 | C196: B825SBN1 | D196: B825 | F196: ZY | G196: ZRP | H196: ZS20 | I196: 1 | K196: 0 | L196: WB | M196: Z001 | N196: 0 | O196: 0 | P196: 0 | Q196: 0 | R196: 0 | S196: 0 | T196: SE | U196: SBN1 | V196: SBN1 | X196: 1 | Z196: 0 | AA196: 0 | AB196: 0 | AD196: 0 | AI196: 0 | AJ196: X | AN196: D | AR196: 0 | AT196: DMC_Z00540RF | AU196: 46275 | AV196: 0.62302083
A197: =_xlfn.CONCAT(B197,D197) -> AMB0154B838 | B197: AMB0154 | C197: B838SVA1 | D197: B838 | F197: ZY | G197: ZRP | H197: ZS20 | I197: 2 | K197: 0 | L197: WB | M197: Z001 | N197: 0 | O197: 0 | P197: 0 | Q197: 0 | R197: 0 | S197: 0 | T197: SE | U197: SVA1 | V197: SVA1 | X197: 1 | Z197: 0 | AA197: 0 | AB197: 0 | AD197: 0 | AI197: 0 | AJ197: X | AN197: D | AR197: 0 | AT197: DMC_Z00540RF | AU197: 46275 | AV197: 0.60445602
A198: =_xlfn.CONCAT(B198,D198) -> AMB0154B857 | B198: AMB0154 | C198: B857SVS2 | D198: B857 | F198: ZY | G198: ZRP | H198: ZS20 | I198: 2 | K198: 0 | L198: WB | M198: Z001 | N198: 0 | O198: 0 | P198: 0 | Q198: 0 | R198: 0 | S198: 0 | T198: SE | U198: SVS2 | V198: SVS2 | X198: 1 | Z198: 0 | AA198: 0 | AB198: 0 | AD198: 0 | AI198: 0 | AJ198: X | AN198: D | AR198: 0 | AT198: DMC_Z00540RF | AU198: 46275 | AV198: 0.60528935
A199: =_xlfn.CONCAT(B199,D199) -> C393068B825 | B199: C393068 | C199: B825SBN1 | D199: B825 | F199: ZY | G199: ZRP | H199: ZS20 | I199: 2 | K199: 0 | L199: WB | M199: Z001 | N199: 0 | O199: 0 | P199: 0 | Q199: 0 | R199: 0 | S199: 0 | T199: SE | U199: SBN1 | V199: SBN1 | X199: 1 | Z199: 0 | AA199: 0 | AB199: 0 | AD199: 0 | AI199: 0 | AJ199: X | AN199: D | AR199: 0 | AT199: DMC_Z00540RF | AU199: 46275 | AV199: 0.60354167
A200: =_xlfn.CONCAT(B200,D200) -> C393068B838 | B200: C393068 | C200: B838SVA1 | D200: B838 | F200: ZY | G200: ZRP | H200: ZS20 | I200: 2 | K200: 0 | L200: WB | M200: Z001 | N200: 0 | O200: 0 | P200: 0 | Q200: 0 | R200: 0 | S200: 0 | T200: SE | U200: SVA1 | V200: SVA1 | X200: 1 | Z200: 0 | AA200: 0 | AB200: 0 | AD200: 0 | AI200: 0 | AJ200: X | AN200: D | AR200: 0 | AT200: DMC_Z00540RF | AU200: 46275 | AV200: 0.60445602
A201: =_xlfn.CONCAT(B201,D201) -> C393083B825 | B201: C393083 | C201: B825SBN1 | D201: B825 | F201: ZY | G201: ZRP | H201: ZS20 | I201: 2 | K201: 0 | L201: WB | M201: Z001 | N201: 0 | O201: 0 | P201: 0 | Q201: 0 | R201: 0 | S201: 0 | T201: SE | U201: SBN1 | V201: SBN1 | X201: 1 | Z201: 0 | AA201: 0 | AB201: 0 | AD201: 0 | AI201: 0 | AJ201: X | AN201: D | AR201: 0 | AT201: DMC_Z00540RF | AU201: 46275 | AV201: 0.60354167
A202: =_xlfn.CONCAT(B202,D202) -> C393083B832 | B202: C393083 | C202: B832SUV1 | D202: B832 | F202: ZY | G202: ZRP | H202: ZS20 | I202: 2 | K202: 0 | L202: WB | M202: Z001 | N202: 0 | O202: 0 | P202: 0 | Q202: 0 | R202: 0 | S202: 0 | T202: SE | U202: SUV1 | V202: SUV1 | X202: 1 | Z202: 0 | AA202: 0 | AB202: 0 | AD202: 0 | AI202: 0 | AJ202: X | AN202: D | AR202: 0 | AT202: DMC_Z00540RF | AU202: 46275 | AV202: 0.60385417
A203: =_xlfn.CONCAT(B203,D203) -> C393083B838 | B203: C393083 | C203: B838SVA1 | D203: B838 | F203: ZY | G203: ZRP | H203: ZS20 | I203: 2 | K203: 0 | L203: WB | M203: Z001 | N203: 0 | O203: 0 | P203: 0 | Q203: 0 | R203: 0 | S203: 0 | T203: SE | U203: SVA1 | V203: SVA1 | X203: 1 | Z203: 0 | AA203: 0 | AB203: 0 | AD203: 0 | AI203: 0 | AJ203: X | AN203: D | AR203: 0 | AT203: DMC_Z00540RF | AU203: 46275 | AV203: 0.60446759
... A371: =_xlfn.CONCAT(B371,D371) -> GP007359B857 | B371: GP007359 | C371: B857SVS2 | D371: B857 | F371: ZY | G371: ZRP | H371: ZS20 | I371: 1 | K371: 0 | L371: WB | M371: Z001 | N371: 0 | O371: 0 | P371: 0 | Q371: 0 | R371: 0 | S371: 0 | T371: SE | U371: SVS2 | V371: SVS2 | X371: 1 | Z371: 0 | AA371: 0 | AB371: 0 | AD371: 0 | AI371: 0 | AJ371: X | AN371: D | AR371: 0 | AT371: DMC_Z00540RF | AU371: 46275 | AV371: 0.6052662
A372: =_xlfn.CONCAT(B372,D372) -> GP007373-001B832 | B372: GP007373-001 | C372: B832SUV1 | D372: B832 | F372: PD | G372: ZRP | H372: ZS10 | I372: 2 | K372: 0 | L372: WB | M372: Z001 | N372: 0 | O372: 0 | P372: 0 | Q372: 0 | R372: 0 | S372: 0 | U372: SUV1 | V372: SUV1 | X372: 2 | Z372: 0 | AA372: 0 | AB372: 0 | AD372: 0 | AI372: 0 | AJ372: X | AN372: D | AR372: 0 | AT372: DMC_Z00540RF | AU372: 46275 | AV372: 0.60383102
A373: =_xlfn.CONCAT(B373,D373) -> GP007373-001B833 | B373: GP007373-001 | C373: B833SUV2 | D373: B833 | F373: PD | G373: ZRP | H373: ZS10 | I373: 2 | K373: 0 | L373: WB | M373: Z001 | N373: 0 | O373: 0 | P373: 0 | Q373: 0 | R373: 0 | S373: 0 | U373: SUV2 | V373: SUV2 | X373: 2 | Z373: 0 | AA373: 0 | AB373: 0 | AD373: 0 | AI373: 0 | AJ373: X | AN373: D | AR373: 0 | AT373: DMC_Z00540RF | AU373: 46275 | AV373: 0.60395833
A374: =_xlfn.CONCAT(B374,D374) -> GP007526B857 | B374: GP007526 | C374: B857SVS2 | D374: B857 | F374: ZY | G374: ZRP | H374: ZS20 | I374: 2 | K374: 0 | L374: WB | M374: Z001 | N374: 0 | O374: 0 | P374: 0 | Q374: 0 | R374: 0 | S374: 0 | T374: SE | U374: SVS2 | V374: SVS2 | X374: 1 | Z374: 0 | AA374: 0 | AB374: 0 | AD374: 0 | AI374: 0 | AJ374: X | AN374: D | AR374: 0 | AT374: DMC_Z00540RF | AU374: 46275 | AV374: 0.6052662
A375: =_xlfn.CONCAT(B375,D375) -> GP007544B825 | B375: GP007544 | C375: B825SBN1 | D375: B825 | F375: ZY | G375: ZRP | H375: ZS20 | I375: 2 | K375: 0 | L375: WB | M375: Z001 | N375: 0 | O375: 0 | P375: 0 | Q375: 0 | R375: 0 | S375: 0 | T375: SE | U375: SBN1 | V375: SBN1 | X375: 1 | Z375: 0 | AA375: 0 | AB375: 0 | AD375: 0 | AI375: 0 | AJ375: X | AN375: D | AR375: 0 | AT375: DMC_Z00540RF | AU375: 46275 | AV375: 0.62302083
A376: =_xlfn.CONCAT(B376,D376) -> GP007545B825 | B376: GP007545 | C376: B825SBN1 | D376: B825 | F376: ZY | G376: ZRP | H376: ZS20 | I376: 2 | K376: 0 | L376: WB | M376: Z001 | N376: 0 | O376: 0 | P376: 0 | Q376: 0 | R376: 0 | S376: 0 | T376: SE | U376: SBN1 | V376: SBN1 | X376: 1 | Z376: 0 | AA376: 0 | AB376: 0 | AD376: 0 | AI376: 0 | AJ376: X | AN376: D | AR376: 0 | AT376: DMC_Z00540RF | AU376: 46275 | AV376: 0.60350694
A377: =_xlfn.CONCAT(B377,D377) -> GP007545B832 | B377: GP007545 | C377: B832SUV1 | D377: B832 | F377: ZY | G377: ZRP | H377: ZS20 | I377: 2 | K377: 0 | L377: WB | M377: Z001 | N377: 0 | O377: 0 | P377: 0 | Q377: 0 | R377: 0 | S377: 0 | T377: SE | U377: SUV1 | V377: SUV1 | X377: 1 | Z377: 0 | AA377: 0 | AB377: 0 | AD377: 0 | AI377: 0 | AJ377: X | AN377: D | AR377: 0 | AT377: DMC_Z00540RF | AU377: 46275 | AV377: 0.60392361
A378: =_xlfn.CONCAT(B378,D378) -> GP007546B832 | B378: GP007546 | C378: B832SUV1 | D378: B832 | F378: ZY | G378: ZRP | H378: ZS20 | I378: 1 | K378: 0 | L378: WB | M378: Z001 | N378: 0 | O378: 0 | P378: 0 | Q378: 0 | R378: 0 | S378: 0 | T378: SE | U378: SUV1 | V378: SUV1 | X378: 1 | Z378: 0 | AA378: 0 | AB378: 0 | AD378: 0 | AI378: 0 | AJ378: X | AN378: D | AR378: 0 | AT378: DMC_Z00540RF | AU378: 46275 | AV378: 0.60394676
A379: =_xlfn.CONCAT(B379,D379) -> GP007546B856 | B379: GP007546 | C379: B856SVS1 | D379: B856 | F379: ZY | G379: ZRP | H379: ZS20 | I379: 2 | K379: 0 | L379: WB | M379: Z001 | N379: 0 | O379: 0 | P379: 0 | Q379: 0 | R379: 0 | S379: 0 | T379: SE | U379: SVS1 | V379: SVS1 | X379: 1 | Z379: 0 | AA379: 0 | AB379: 0 | AD379: 0 | AI379: 0 | AJ379: X | AN379: D | AR379: 0 | AT379: DMC_Z00540RF | AU379: 46275 | AV379: 0.60523148
A380: =_xlfn.CONCAT(B380,D380) -> GP007548B825 | B380: GP007548 | C380: B825SBN1 | D380: B825 | F380: ZY | G380: ZRP | H380: ZS20 | I380: 2 | K380: 0 | L380: WB | M380: Z001 | N380: 0 | O380: 0 | P380: 0 | Q380: 0 | R380: 0 | S380: 0 | T380: SE | U380: SBN1 | V380: SBN1 | X380: 1 | Z380: 0 | AA380: 0 | AB380: 0 | AD380: 0 | AI380: 0 | AJ380: X | AN380: D | AR380: 0 | AT380: DMC_Z00540RF | AU380: 46275 | AV380: 0.60350694
A381: =_xlfn.CONCAT(B381,D381) -> GP007548B832 | B381: GP007548 | C381: B832SUV1 | D381: B832 | F381: ZY | G381: ZRP | H381: ZS20 | I381: 2 | K381: 0 | L381: WB | M381: Z001 | N381: 0 | O381: 0 | P381: 0 | Q381: 0 | R381: 0 | S381: 0 | T381: SE | U381: SUV1 | V381: SUV1 | X381: 1 | Z381: 0 | AA381: 0 | AB381: 0 | AD381: 0 | AI381: 0 | AJ381: X | AN381: D | AR381: 0 | AT381: DMC_Z00540RF | AU381: 46275 | AV381: 0.60394676
A382: =_xlfn.CONCAT(B382,D382) -> GP007548B856 | B382: GP007548 | C382: B856SVS1 | D382: B856 | F382: ZY | G382: ZRP | H382: ZS20 | I382: 2 | K382: 0 | L382: WB | M382: Z001 | N382: 0 | O382: 0 | P382: 0 | Q382: 0 | R382: 0 | S382: 0 | T382: SE | U382: SVS1 | V382: SVS1 | X382: 1 | Z382: 0 | AA382: 0 | AB382: 0 | AD382: 0 | AI382: 0 | AJ382: X | AN382: D | AR382: 0 | AT382: DMC_Z00540RF | AU382: 46275 | AV382: 0.60523148
A383: =_xlfn.CONCAT(B383,D383) -> GP007548B857 | B383: GP007548 | C383: B857SVS2 | D383: B857 | F383: ZY | G383: ZRP | H383: ZS20 | I383: 2 | K383: 0 | L383: WB | M383: Z001 | N383: 0 | O383: 0 | P383: 0 | Q383: 0 | R383: 0 | S383: 0 | T383: SE | U383: SVS2 | V383: SVS2 | X383: 1 | Z383: 0 | AA383: 0 | AB383: 0 | AD383: 0 | AI383: 0 | AJ383: X | AN383: D | AR383: 0 | AT383: DMC_Z00540RF | AU383: 46275 | AV383: 0.6052662
A384: =_xlfn.CONCAT(B384,D384) -> GP007548B864 | B384: GP007548 | C384: B864SAV1 | D384: B864 | F384: ZY | G384: ZRP | H384: ZS20 | I384: 2 | K384: 0 | L384: WB | M384: Z001 | N384: 0 | O384: 0 | P384: 0 | Q384: 0 | R384: 0 | S384: 0 | T384: SE | U384: SAV1 | V384: SAV1 | X384: 1 | Z384: 0 | AA384: 0 | AB384: 0 | AD384: 0 | AI384: 0 | AJ384: X | AN384: D | AR384: 0 | AT384: DMC_Z00540RF | AU384: 46275 | AV384: 0.60540509
A385: =_xlfn.CONCAT(B385,D385) -> GP007548B865 | B385: GP007548 | C385: B865STS1 | D385: B865 | F385: ZY | G385: ZRP | H385: ZS20 | I385: 2 | K385: 0 | L385: WB | M385: Z001 | N385: 0 | O385: 0 | P385: 0 | Q385: 0 | R385: 0 | S385: 0 | T385: SE | U385: STS1 | V385: STS1 | X385: 1 | Z385: 0 | AA385: 0 | AB385: 0 | AD385: 0 | AI385: 0 | AJ385: X | AN385: D | AR385: 0 | AT385: DMC_Z00540RF | AU385: 46275 | AV385: 0.60552083
... A493: =_xlfn.CONCAT(B493,D493) -> GP021313B832 | B493: GP021313 | C493: B832SUV1 | D493: B832 | F493: ZY | G493: ZRP | H493: ZS20 | I493: 2 | K493: 0 | L493: WB | M493: Z001 | N493: 0 | O493: 0 | P493: 0 | Q493: 0 | R493: 0 | S493: 0 | T493: SE | U493: SUV1 | V493: SUV1 | X493: 1 | Z493: 0 | AA493: 0 | AB493: 0 | AD493: 0 | AI493: 0 | AJ493: X | AN493: D | AR493: 0 | AT493: DMC_Z00540RF | AU493: 46275 | AV493: 0.60394676
A494: =_xlfn.CONCAT(B494,D494) -> GP021978-001B832 | B494: GP021978-001 | C494: B832SUV1 | D494: B832 | F494: PD | G494: ZRP | H494: ZS10 | I494: 1 | K494: 0 | L494: WB | M494: Z001 | N494: 0 | O494: 0 | P494: 0 | Q494: 0 | R494: 0 | S494: 0 | U494: SUV1 | V494: SUV1 | X494: 1 | Z494: 0 | AA494: 0 | AB494: 0 | AD494: 0 | AI494: 0 | AJ494: X | AN494: D | AR494: 0 | AT494: DMC_Z00540RF | AU494: 46275 | AV494: 0.60392361
A495: =_xlfn.CONCAT(B495,D495) -> GP021978-003B833 | B495: GP021978-003 | C495: B833SUV2 | D495: B833 | F495: PD | G495: ZRP | H495: ZS10 | I495: 2 | K495: 0 | L495: WB | M495: Z001 | N495: 0 | O495: 0 | P495: 0 | Q495: 0 | R495: 0 | S495: 0 | U495: SUV2 | V495: SUV2 | X495: 2 | Z495: 0 | AA495: 0 | AB495: 0 | AD495: 0 | AI495: 0 | AJ495: X | AN495: D | AR495: 0 | AT495: DMC_Z00540RF | AU495: 46275 | AV495: 0.60396991
A496: =_xlfn.CONCAT(B496,D496) -> GP022119B825 | B496: GP022119 | C496: B825SBN1 | D496: B825 | F496: ZY | G496: ZRP | H496: ZS20 | I496: 2 | K496: 0 | L496: WB | M496: Z001 | N496: 0 | O496: 0 | P496: 0 | Q496: 0 | R496: 0 | S496: 0 | T496: SE | U496: SBN1 | V496: SBN1 | X496: 1 | Z496: 0 | AA496: 0 | AB496: 0 | AD496: 0 | AI496: 0 | AJ496: X | AN496: D | AR496: 0 | AT496: DMC_Z00540RF | AU496: 46275 | AV496: 0.60354167
A497: =_xlfn.CONCAT(B497,D497) -> GP022119-001B832 | B497: GP022119-001 | C497: B832SUV1 | D497: B832 | F497: ZY | G497: ZRP | H497: ZS20 | I497: 2 | K497: 0 | L497: WB | N497: 0 | O497: 0 | P497: 0 | Q497: 0 | R497: 0 | S497: 0 | T497: SE | U497: SUV1 | V497: SUV1 | X497: 1 | Z497: 0 | AA497: 0 | AB497: 0 | AD497: 0 | AI497: 0 | AJ497: X | AN497: D | AR497: 0 | AT497: DMC_Z00540RF | AU497: 46275 | AV497: 0.60393519
A498: =_xlfn.CONCAT(B498,D498) -> GP023013B857 | B498: GP023013 | C498: B857SVS2 | D498: B857 | F498: ZY | G498: ZRP | H498: ZS20 | I498: 2 | K498: 0 | L498: WB | M498: Z001 | N498: 0 | O498: 0 | P498: 0 | Q498: 0 | R498: 0 | S498: 0 | T498: SE | U498: SVS2 | V498: SVS2 | X498: 1 | Z498: 0 | AA498: 0 | AB498: 0 | AD498: 0 | AI498: 0 | AJ498: X | AN498: D | AR498: 0 | AT498: DMC_Z00540RF | AU498: 46275 | AV498: 0.60525463
A499: =_xlfn.CONCAT(B499,D499) -> GP023013B867 | B499: GP023013 | C499: B867SVM3 | D499: B867 | F499: ZY | G499: ZRP | H499: ZS20 | I499: 1 | K499: 0 | L499: WB | M499: Z001 | N499: 0 | O499: 0 | P499: 0 | Q499: 0 | R499: 0 | S499: 0 | T499: SE | U499: SVM3 | V499: SVM3 | X499: 1 | Z499: 0 | AA499: 0 | AB499: 0 | AD499: 0 | AI499: 0 | AJ499: X | AN499: D | AR499: 0 | AT499: DMC_Z00540RF | AU499: 46275 | AV499: 0.60569444
A500: =_xlfn.CONCAT(B500,D500) -> GP023271B825 | B500: GP023271 | C500: B825SBN1 | D500: B825 | F500: ZY | G500: ZRP | H500: ZS20 | I500: 1 | K500: 0 | L500: WB | M500: Z001 | N500: 0 | O500: 0 | P500: 0 | Q500: 0 | R500: 0 | S500: 0 | T500: SE | U500: SBN1 | V500: SBN1 | X500: 1 | Z500: 0 | AA500: 0 | AB500: 0 | AD500: 0 | AI500: 0 | AJ500: X | AN500: D | AR500: 0 | AT500: DMC_Z00540RF | AU500: 46275 | AV500: 0.60354167
A501: =_xlfn.CONCAT(B501,D501) -> GP023660B832 | B501: GP023660 | C501: B832SUV1 | D501: B832 | F501: ZY | G501: ZRP | H501: ZS20 | I501: 2 | K501: 0 | L501: WB | M501: Z001 | N501: 0 | O501: 0 | P501: 0 | Q501: 0 | R501: 0 | S501: 0 | T501: SE | U501: SUV1 | V501: SUV1 | X501: 1 | Z501: 0 | AA501: 0 | AB501: 0 | AD501: 0 | AI501: 0 | AJ501: X | AN501: D | AR501: 0 | AT501: DMC_Z00540RF | AU501: 46275 | AV501: 0.62341435
A502: =_xlfn.CONCAT(B502,D502) -> GP023855B838 | B502: GP023855 | C502: B838SVA1 | D502: B838 | F502: ZY | G502: ZRP | H502: ZS20 | I502: 3 | K502: 0 | L502: WB | M502: Z001 | N502: 0 | O502: 0 | P502: 0 | Q502: 0 | R502: 0 | S502: 0 | T502: SE | U502: SVA1 | V502: SVA1 | X502: 1 | Z502: 0 | AA502: 0 | AB502: 0 | AD502: 0 | AI502: 0 | AJ502: X | AN502: D | AR502: 0 | AT502: DMC_Z00540RF | AU502: 46275 | AV502: 0.60438657
A503: =_xlfn.CONCAT(B503,D503) -> GP023862B825 | B503: GP023862 | C503: B825SBN1 | D503: B825 | F503: ZY | G503: ZRP | H503: ZS20 | I503: 2 | K503: 0 | L503: WB | M503: Z001 | N503: 0 | O503: 0 | P503: 0 | Q503: 0 | R503: 0 | S503: 0 | T503: SE | U503: SBN1 | V503: SBN1 | X503: 1 | Z503: 0 | AA503: 0 | AB503: 0 | AD503: 0 | AI503: 0 | AJ503: X | AN503: D | AR503: 0 | AT503: DMC_Z00540RF | AU503: 46275 | AV503: 0.60354167
A504: =_xlfn.CONCAT(B504,D504) -> GP023866B825 | B504: GP023866 | C504: B825SBN1 | D504: B825 | F504: ZY | G504: ZRP | H504: ZS20 | I504: 1 | K504: 0 | L504: WB | M504: Z001 | N504: 0 | O504: 0 | P504: 0 | Q504: 0 | R504: 0 | S504: 0 | T504: SE | U504: SBN1 | V504: SBN1 | X504: 1 | Z504: 0 | AA504: 0 | AB504: 0 | AD504: 0 | AI504: 0 | AJ504: X | AN504: D | AR504: 0 | AT504: DMC_Z00540RF | AU504: 46275 | AV504: 0.60354167
A505: =_xlfn.CONCAT(B505,D505) -> GP023866B832 | B505: GP023866 | C505: B832SUV1 | D505: B832 | F505: ZY | G505: ZRP | H505: ZS20 | I505: 1 | K505: 0 | L505: WB | M505: Z001 | N505: 0 | O505: 0 | P505: 0 | Q505: 0 | R505: 0 | S505: 0 | T505: SE | U505: SUV1 | V505: SUV1 | X505: 1 | Z505: 0 | AA505: 0 | AB505: 0 | AD505: 0 | AI505: 0 | AJ505: X | AN505: D | AR505: 0 | AT505: DMC_Z00540RF | AU505: 46275 | AV505: 0.60394676
A506: =_xlfn.CONCAT(B506,D506) -> GP023867B825 | B506: GP023867 | C506: B825SBN1 | D506: B825 | F506: ZY | G506: ZRP | H506: ZS20 | I506: 2 | K506: 0 | L506: WB | M506: Z001 | N506: 0 | O506: 0 | P506: 0 | Q506: 0 | R506: 0 | S506: 0 | T506: SE | U506: SBN1 | V506: SBN1 | X506: 1 | Z506: 0 | AA506: 0 | AB506: 0 | AD506: 0 | AI506: 0 | AJ506: X | AN506: D | AR506: 0 | AT506: DMC_Z00540RF | AU506: 46275 | AV506: 0.60353009
A507: =_xlfn.CONCAT(B507,D507) -> GP023867B832 | B507: GP023867 | C507: B832SUV1 | D507: B832 | F507: ZY | G507: ZRP | H507: ZS20 | I507: 4 | K507: 0 | L507: WB | M507: Z001 | N507: 0 | O507: 0 | P507: 0 | Q507: 0 | R507: 0 | S507: 0 | T507: SE | U507: SUV1 | V507: SUV1 | X507: 1 | Z507: 0 | AA507: 0 | AB507: 0 | AD507: 0 | AI507: 0 | AJ507: X | AN507: D | AR507: 0 | AT507: DMC_Z00540RF | AU507: 46275 | AV507: 0.60394676
A508: =_xlfn.CONCAT(B508,D508) -> GP023867B838 | B508: GP023867 | C508: B838SVA1 | D508: B838 | F508: ZY | G508: ZRP | H508: ZS20 | I508: 3 | K508: 0 | L508: WB | M508: Z001 | N508: 0 | O508: 0 | P508: 0 | Q508: 0 | R508: 0 | S508: 0 | T508: SE | U508: SVA1 | V508: SVA1 | X508: 1 | Z508: 0 | AA508: 0 | AB508: 0 | AD508: 0 | AI508: 0 | AJ508: X | AN508: D | AR508: 0 | AT508: DMC_Z00540RF | AU508: 46275 | AV508: 0.6044213
A509: =_xlfn.CONCAT(B509,D509) -> GP023876B825 | B509: GP023876 | C509: B825SBN1 | D509: B825 | F509: ZY | G509: ZRP | H509: ZS20 | I509: 2 | K509: 0 | L509: WB | M509: Z001 | N509: 0 | O509: 0 | P509: 0 | Q509: 0 | R509: 0 | S509: 0 | T509: SE | U509: SBN1 | V509: SBN1 | X509: 1 | Z509: 0 | AA509: 0 | AB509: 0 | AD509: 0 | AI509: 0 | AJ509: X | AN509: D | AR509: 0 | AT509: DMC_Z00540RF | AU509: 46275 | AV509: 0.60353009
... A578: =_xlfn.CONCAT(B578,D578) -> GP051692B864 | B578: GP051692 | C578: B864SAV1 | D578: B864 | F578: ZY | G578: ZRP | H578: ZS20 | I578: 2 | K578: 0 | L578: WB | M578: Z001 | N578: 0 | O578: 0 | P578: 0 | Q578: 0 | R578: 0 | S578: 0 | T578: SE | U578: SAV1 | V578: SAV1 | X578: 1 | Z578: 0 | AA578: 0 | AB578: 0 | AD578: 0 | AI578: 0 | AJ578: X | AN578: D | AR578: 0 | AT578: DMC_Z00540RF | AU578: 46275 | AV578: 0.60540509
A579: =_xlfn.CONCAT(B579,D579) -> GP051944B825 | B579: GP051944 | C579: B825SBN1 | D579: B825 | F579: ZY | G579: ZRP | H579: ZS10 | I579: 600 | K579: 0 | L579: WB | M579: Z009 | N579: 0 | O579: 0 | P579: 0 | Q579: 0 | R579: 0 | S579: 0 | U579: SBN1 | V579: SBN1 | X579: 160 | Z579: 0 | AA579: 0 | AB579: 0 | AD579: 0 | AI579: 0 | AJ579: X | AN579: D | AR579: 0 | AT579: DMC_Z00540RF | AU579: 46275 | AV579: 0.6034838
A580: =_xlfn.CONCAT(B580,D580) -> GP052043B838 | B580: GP052043 | C580: B838SVA1 | D580: B838 | F580: ZY | G580: ZRP | H580: ZS20 | I580: 2 | K580: 0 | L580: WB | M580: Z001 | N580: 0 | O580: 0 | P580: 0 | Q580: 0 | R580: 0 | S580: 0 | T580: SE | U580: SVA1 | V580: SVA1 | X580: 1 | Z580: 0 | AA580: 0 | AB580: 0 | AD580: 0 | AI580: 0 | AJ580: X | AN580: D | AR580: 0 | AT580: DMC_Z00540RF | AU580: 46275 | AV580: 0.62413194
A581: =_xlfn.CONCAT(B581,D581) -> GP052139B865 | B581: GP052139 | C581: B865STS1 | D581: B865 | F581: ZY | G581: ZRP | H581: ZS20 | I581: 2 | K581: 0 | L581: WB | M581: Z001 | N581: 0 | O581: 0 | P581: 0 | Q581: 0 | R581: 0 | S581: 0 | T581: SE | U581: STS1 | V581: STS1 | X581: 1 | Z581: 0 | AA581: 0 | AB581: 0 | AD581: 0 | AI581: 0 | AJ581: X | AN581: D | AR581: 0 | AT581: DMC_Z00540RF | AU581: 46275 | AV581: 0.62665509
A582: =_xlfn.CONCAT(B582,D582) -> GP052416B825 | B582: GP052416 | C582: B825SBN1 | D582: B825 | F582: ZY | G582: ZRP | H582: ZS20 | I582: 2 | K582: 0 | L582: WB | M582: Z001 | N582: 0 | O582: 0 | P582: 0 | Q582: 0 | R582: 0 | S582: 0 | T582: SE | U582: SBN1 | V582: SBN1 | X582: 1 | Z582: 0 | AA582: 0 | AB582: 0 | AD582: 0 | AI582: 0 | AJ582: X | AN582: D | AR582: 0 | AT582: DMC_Z00540RF | AU582: 46275 | AV582: 0.62300926
A583: =_xlfn.CONCAT(B583,D583) -> GP052417B825 | B583: GP052417 | C583: B825SBN1 | D583: B825 | F583: ZY | G583: ZRP | H583: ZS20 | I583: 2 | K583: 0 | L583: WB | M583: Z001 | N583: 0 | O583: 0 | P583: 0 | Q583: 0 | R583: 0 | S583: 0 | T583: SE | U583: SBN1 | V583: SBN1 | X583: 1 | Z583: 0 | AA583: 0 | AB583: 0 | AD583: 0 | AI583: 0 | AJ583: X | AN583: D | AR583: 0 | AT583: DMC_Z00540RF | AU583: 46275 | AV583: 0.6034838
A584: =_xlfn.CONCAT(B584,D584) -> GP054155B833 | B584: GP054155 | C584: B833SUV2 | D584: B833 | F584: ZY | G584: ZRP | H584: ZS20 | I584: 2 | K584: 0 | L584: WB | M584: Z001 | N584: 0 | O584: 0 | P584: 0 | Q584: 0 | R584: 0 | S584: 0 | T584: SE | U584: SUV2 | V584: SUV2 | X584: 1 | Z584: 0 | AA584: 0 | AB584: 0 | AD584: 0 | AI584: 0 | AJ584: X | AN584: D | AR584: 0 | AT584: DMC_Z00540RF | AU584: 46275 | AV584: 0.6234838
A585: =_xlfn.CONCAT(B585,D585) -> GP054670B825 | B585: GP054670 | C585: B825SBN1 | D585: B825 | F585: ZY | G585: ZRP | H585: ZS20 | I585: 4 | K585: 0 | L585: WB | M585: Z001 | N585: 0 | O585: 0 | P585: 0 | Q585: 0 | R585: 0 | S585: 0 | T585: SE | U585: SBN1 | V585: SBN1 | X585: 1 | Z585: 0 | AA585: 0 | AB585: 0 | AD585: 0 | AI585: 0 | AJ585: X | AN585: D | AR585: 0 | AT585: DMC_Z00540RF | AU585: 46275 | AV585: 0.62300926
A586: =_xlfn.CONCAT(B586,D586) -> GP055753B838 | B586: GP055753 | C586: B838SVA1 | D586: B838 | F586: ZY | G586: ZRP | H586: ZS20 | I586: 2 | K586: 0 | L586: WB | M586: Z001 | N586: 0 | O586: 0 | P586: 0 | Q586: 0 | R586: 0 | S586: 0 | T586: SE | U586: SVA1 | V586: SVA1 | X586: 1 | Z586: 0 | AA586: 0 | AB586: 0 | AD586: 0 | AI586: 0 | AJ586: X | AN586: D | AR586: 0 | AT586: DMC_Z00540RF | AU586: 46275 | AV586: 0.60475694
A587: =_xlfn.CONCAT(B587,D587) -> GP055944B825 | B587: GP055944 | C587: B825SBN1 | D587: B825 | F587: ZY | G587: ZRP | H587: ZS20 | I587: 2 | K587: 0 | L587: WB | M587: Z001 | N587: 0 | O587: 0 | P587: 0 | Q587: 0 | R587: 0 | S587: 0 | T587: SE | U587: SBN1 | V587: SBN1 | X587: 1 | Z587: 0 | AA587: 0 | AB587: 0 | AD587: 0 | AI587: 0 | AJ587: X | AN587: D | AR587: 0 | AT587: DMC_Z00540RF | AU587: 46275 | AV587: 0.6034838
A588: =_xlfn.CONCAT(B588,D588) -> GP056553B864 | B588: GP056553 | C588: B864SAV1 | D588: B864 | F588: ZY | G588: ZRP | H588: ZS20 | I588: 2 | K588: 0 | L588: WB | M588: Z001 | N588: 0 | O588: 0 | P588: 0 | Q588: 0 | R588: 0 | S588: 0 | T588: SE | U588: SAV1 | V588: SAV1 | X588: 1 | Z588: 0 | AA588: 0 | AB588: 0 | AD588: 0 | AI588: 0 | AJ588: X | AN588: D | AR588: 0 | AT588: DMC_Z00540RF | AU588: 46275 | AV588: 0.62645833
A589: =_xlfn.CONCAT(B589,D589) -> GP056553B865 | B589: GP056553 | C589: B865STS1 | D589: B865 | F589: ZY | G589: ZRP | H589: ZS20 | I589: 2 | K589: 0 | L589: WB | M589: Z001 | N589: 0 | O589: 0 | P589: 0 | Q589: 0 | R589: 0 | S589: 0 | T589: SE | U589: STS1 | V589: STS1 | X589: 1 | Z589: 0 | AA589: 0 | AB589: 0 | AD589: 0 | AI589: 0 | AJ589: X | AN589: D | AR589: 0 | AT589: DMC_Z00540RF | AU589: 46275 | AV589: 0.62665509
A590: =_xlfn.CONCAT(B590,D590) -> GP056698B857 | B590: GP056698 | C590: B857SVS2 | D590: B857 | F590: ZY | G590: ZRP | H590: ZS20 | I590: 2 | K590: 0 | L590: WB | M590: Z001 | N590: 0 | O590: 0 | P590: 0 | Q590: 0 | R590: 0 | S590: 0 | T590: SE | U590: SVS2 | V590: SVS2 | X590: 1 | Z590: 0 | AA590: 0 | AB590: 0 | AD590: 0 | AI590: 0 | AJ590: X | AN590: D | AR590: 0 | AT590: DMC_Z00540RF | AU590: 46275 | AV590: 0.6052662
A591: =_xlfn.CONCAT(B591,D591) -> GP056698B864 | B591: GP056698 | C591: B864SAV1 | D591: B864 | F591: ZY | G591: ZRP | H591: ZS20 | I591: 2 | K591: 0 | L591: WB | M591: Z001 | N591: 0 | O591: 0 | P591: 0 | Q591: 0 | R591: 0 | S591: 0 | T591: SE | U591: SAV1 | V591: SAV1 | X591: 1 | Z591: 0 | AA591: 0 | AB591: 0 | AD591: 0 | AI591: 0 | AJ591: X | AN591: D | AR591: 0 | AT591: DMC_Z00540RF | AU591: 46275 | AV591: 0.60540509
... A765: =_xlfn.CONCAT(B765,D765) -> GP122842B825 | B765: GP122842 | C765: B825SBN1 | D765: B825 | F765: ZY | G765: ZRP | H765: ZS20 | I765: 2 | K765: 0 | L765: WB | M765: Z001 | N765: 0 | O765: 0 | P765: 0 | Q765: 0 | R765: 0 | S765: 0 | T765: SE | U765: SBN1 | V765: SBN1 | X765: 1 | Z765: 0 | AA765: 0 | AB765: 0 | AD765: 0 | AI765: 0 | AJ765: X | AN765: D | AR765: 0 | AT765: DMC_Z00540RF | AU765: 46275 | AV765: 0.60349537
A766: =_xlfn.CONCAT(B766,D766) -> GP124059B832 | B766: GP124059 | C766: B832SUV1 | D766: B832 | F766: PD | G766: ZRP | H766: ZS10 | I766: 1 | K766: 0 | L766: WB | M766: Z001 | N766: 0 | O766: 0 | P766: 0 | Q766: 0 | R766: 0 | S766: 0 | U766: SUV1 | V766: SUV1 | X766: 1 | Z766: 0 | AA766: 0 | AB766: 0 | AD766: 0 | AI766: 0 | AJ766: X | AN766: D | AR766: 0 | AT766: DMC_Z00540RF | AU766: 46275 | AV766: 0.60395833
A767: =_xlfn.CONCAT(B767,D767) -> GP124059B857 | B767: GP124059 | C767: B857SVS2 | D767: B857 | F767: PD | G767: ZRP | H767: ZS10 | I767: 12 | K767: 0 | L767: WB | M767: Z001 | N767: 0 | O767: 0 | P767: 0 | Q767: 0 | R767: 0 | S767: 0 | U767: SVS2 | V767: SVS2 | X767: 12 | Z767: 0 | AA767: 0 | AB767: 0 | AD767: 0 | AI767: 0 | AJ767: X | AN767: D | AR767: 0 | AT767: DMC_Z00540RF | AU767: 46275 | AV767: 0.60530093
A768: =_xlfn.CONCAT(B768,D768) -> GP124059B867 | B768: GP124059 | C768: B867SVM3 | D768: B867 | F768: PD | G768: ZRP | H768: ZS10 | I768: 1 | K768: 0 | L768: WB | M768: Z001 | N768: 0 | O768: 0 | P768: 0 | Q768: 0 | R768: 0 | S768: 0 | U768: SVM3 | V768: SVM3 | X768: 1 | Z768: 0 | AA768: 0 | AB768: 0 | AD768: 0 | AI768: 0 | AJ768: X | AN768: D | AR768: 0 | AT768: DMC_Z00540RF | AU768: 46275 | AV768: 0.60565972
A769: =_xlfn.CONCAT(B769,D769) -> GP124403B856 | B769: GP124403 | C769: B856SVS1 | D769: B856 | F769: ZY | G769: ZRP | H769: ZS20 | I769: 2 | K769: 0 | L769: WB | M769: Z001 | N769: 0 | O769: 0 | P769: 0 | Q769: 0 | R769: 0 | S769: 0 | T769: SE | U769: SVS1 | V769: SVS1 | X769: 1 | Z769: 0 | AA769: 0 | AB769: 0 | AD769: 0 | AI769: 0 | AJ769: X | AN769: D | AR769: 0 | AT769: DMC_Z00540RF | AU769: 46275 | AV769: 0.62486111
A770: =_xlfn.CONCAT(B770,D770) -> GP124403B864 | B770: GP124403 | C770: B864SAV1 | D770: B864 | F770: ZY | G770: ZRP | H770: ZS20 | I770: 2 | K770: 0 | L770: WB | M770: Z001 | N770: 0 | O770: 0 | P770: 0 | Q770: 0 | R770: 0 | S770: 0 | T770: SE | U770: SAV1 | V770: SAV1 | X770: 1 | Z770: 0 | AA770: 0 | AB770: 0 | AD770: 0 | AI770: 0 | AJ770: X | AN770: D | AR770: 0 | AT770: DMC_Z00540RF | AU770: 46275 | AV770: 0.62646991
A771: =_xlfn.CONCAT(B771,D771) -> GP124403B865 | B771: GP124403 | C771: B865STS1 | D771: B865 | F771: ZY | G771: ZRP | H771: ZS20 | I771: 2 | K771: 0 | L771: WB | M771: Z001 | N771: 0 | O771: 0 | P771: 0 | Q771: 0 | R771: 0 | S771: 0 | T771: SE | U771: STS1 | V771: STS1 | X771: 1 | Z771: 0 | AA771: 0 | AB771: 0 | AD771: 0 | AI771: 0 | AJ771: X | AN771: D | AR771: 0 | AT771: DMC_Z00540RF | AU771: 46275 | AV771: 0.62665509
A772: =_xlfn.CONCAT(B772,D772) -> GP124403B867 | B772: GP124403 | C772: B867SVM3 | D772: B867 | F772: ZY | G772: ZRP | H772: ZS20 | I772: 2 | K772: 0 | L772: WB | M772: Z001 | N772: 0 | O772: 0 | P772: 0 | Q772: 0 | R772: 0 | S772: 0 | T772: SE | U772: SVM3 | V772: SVM3 | X772: 1 | Z772: 0 | AA772: 0 | AB772: 0 | AD772: 0 | AI772: 0 | AJ772: X | AN772: D | AR772: 0 | AT772: DMC_Z00540RF | AU772: 46275 | AV772: 0.62738426
A773: =_xlfn.CONCAT(B773,D773) -> GP127788B833 | B773: GP127788 | C773: B833SUV2 | D773: B833 | F773: ZY | G773: ZRP | H773: ZS20 | I773: 3 | K773: 0 | L773: WB | M773: Z001 | N773: 0 | O773: 0 | P773: 0 | Q773: 0 | R773: 0 | S773: 0 | T773: SE | U773: SUV2 | V773: SUV2 | X773: 1 | Z773: 0 | AA773: 0 | AB773: 0 | AD773: 0 | AI773: 0 | AJ773: X | AN773: D | AR773: 0 | AT773: DMC_Z00540RF | AU773: 46275 | AV773: 0.62347222
A774: =_xlfn.CONCAT(B774,D774) -> GP127833B865 | B774: GP127833 | C774: B865STS1 | D774: B865 | F774: ZY | G774: ZRP | H774: ZS20 | I774: 2 | K774: 0 | L774: WB | M774: Z001 | N774: 0 | O774: 0 | P774: 0 | Q774: 0 | R774: 0 | S774: 0 | T774: SE | U774: STS1 | V774: STS1 | X774: 1 | Z774: 0 | AA774: 0 | AB774: 0 | AD774: 0 | AI774: 0 | AJ774: X | AN774: D | AR774: 0 | AT774: DMC_Z00540RF | AU774: 46275 | AV774: 0.62665509
A775: =_xlfn.CONCAT(B775,D775) -> GP127960B825 | B775: GP127960 | C775: B825SBN1 | D775: B825 | F775: ZY | G775: ZRP | H775: ZS20 | I775: 3 | K775: 0 | L775: WB | M775: Z001 | N775: 0 | O775: 0 | P775: 0 | Q775: 0 | R775: 0 | S775: 0 | T775: SE | U775: SBN1 | V775: SBN1 | X775: 1 | Z775: 0 | AA775: 0 | AB775: 0 | AD775: 0 | AI775: 0 | AJ775: X | AN775: D | AR775: 0 | AT775: DMC_Z00540RF | AU775: 46275 | AV775: 0.60349537
A776: =_xlfn.CONCAT(B776,D776) -> GP127960B832 | B776: GP127960 | C776: B832SUV1 | D776: B832 | F776: ZY | G776: ZRP | H776: ZS20 | I776: 4 | K776: 0 | L776: WB | M776: Z001 | N776: 0 | O776: 0 | P776: 0 | Q776: 0 | R776: 0 | S776: 0 | T776: SE | U776: SUV1 | V776: SUV1 | X776: 1 | Z776: 0 | AA776: 0 | AB776: 0 | AD776: 0 | AI776: 0 | AJ776: X | AN776: D | AR776: 0 | AT776: DMC_Z00540RF | AU776: 46275 | AV776: 0.60394676
A777: =_xlfn.CONCAT(B777,D777) -> GP127960B833 | B777: GP127960 | C777: B833SUV2 | D777: B833 | F777: ZY | G777: ZRP | H777: ZS20 | I777: 2 | K777: 0 | L777: WB | M777: Z001 | N777: 0 | O777: 0 | P777: 0 | Q777: 0 | R777: 0 | S777: 0 | T777: SE | U777: SUV2 | V777: SUV2 | X777: 1 | Z777: 0 | AA777: 0 | AB777: 0 | AD777: 0 | AI777: 0 | AJ777: X | AN777: D | AR777: 0 | AT777: DMC_Z00540RF | AU777: 46275 | AV777: 0.60398148
A778: =_xlfn.CONCAT(B778,D778) -> GP127960B838 | B778: GP127960 | C778: B838SVA1 | D778: B838 | F778: ZY | G778: ZRP | H778: ZS20 | I778: 2 | K778: 0 | L778: WB | M778: Z001 | N778: 0 | O778: 0 | P778: 0 | Q778: 0 | R778: 0 | S778: 0 | T778: SE | U778: SVA1 | V778: SVA1 | X778: 1 | Z778: 0 | AA778: 0 | AB778: 0 | AD778: 0 | AI778: 0 | AJ778: X | AN778: D | AR778: 0 | AT778: DMC_Z00540RF | AU778: 46275 | AV778: 0.60445602
A779: =_xlfn.CONCAT(B779,D779) -> GP127960B856 | B779: GP127960 | C779: B856SVS1 | D779: B856 | F779: ZY | G779: ZRP | H779: ZS20 | I779: 2 | K779: 0 | L779: WB | M779: Z001 | N779: 0 | O779: 0 | P779: 0 | Q779: 0 | R779: 0 | S779: 0 | T779: SE | U779: SVS1 | V779: SVS1 | X779: 1 | Z779: 0 | AA779: 0 | AB779: 0 | AD779: 0 | AI779: 0 | AJ779: X | AN779: D | AR779: 0 | AT779: DMC_Z00540RF | AU779: 46275 | AV779: 0.60521991
A780: =_xlfn.CONCAT(B780,D780) -> GP127960B864 | B780: GP127960 | C780: B864SAV1 | D780: B864 | F780: ZY | G780: ZRP | H780: ZS20 | I780: 2 | K780: 0 | L780: WB | M780: Z001 | N780: 0 | O780: 0 | P780: 0 | Q780: 0 | R780: 0 | S780: 0 | T780: SE | U780: SAV1 | V780: SAV1 | X780: 1 | Z780: 0 | AA780: 0 | AB780: 0 | AD780: 0 | AI780: 0 | AJ780: X | AN780: D | AR780: 0 | AT780: DMC_Z00540RF | AU780: 46275 | AV780: 0.60541667
... A1303: =_xlfn.CONCAT(B1303,D1303) -> GP317614B856 | B1303: GP317614 | C1303: B856SVS1 | D1303: B856 | F1303: ZY | G1303: ZRP | H1303: ZS20 | I1303: 2 | K1303: 0 | L1303: WB | M1303: Z001 | N1303: 0 | O1303: 0 | P1303: 0 | Q1303: 0 | R1303: 0 | S1303: 0 | T1303: SE | U1303: SVS1 | V1303: SVS1 | X1303: 1 | Z1303: 0 | AA1303: 0 | AB1303: 0 | AD1303: 0 | AI1303: 0 | AJ1303: X | AN1303: D | AR1303: 0 | AT1303: DMC_Z00540RF | AU1303: 46275 | AV1303: 0.62488426
A1304: =_xlfn.CONCAT(B1304,D1304) -> GP320366B867 | B1304: GP320366 | C1304: B867SVM3 | D1304: B867 | F1304: ZY | G1304: ZRP | H1304: ZS20 | I1304: 1 | K1304: 0 | L1304: WB | N1304: 0 | O1304: 0 | P1304: 0 | Q1304: 0 | R1304: 0 | S1304: 0 | T1304: SE | U1304: SVM3 | V1304: SVM3 | X1304: 1 | Z1304: 0 | AA1304: 0 | AB1304: 0 | AD1304: 0 | AI1304: 0 | AJ1304: X | AN1304: D | AR1304: 0 | AT1304: DMC_Z00540RF | AU1304: 46275 | AV1304: 0.62730324
A1305: =_xlfn.CONCAT(B1305,D1305) -> GP320879B856 | B1305: GP320879 | C1305: B856SVS1 | D1305: B856 | F1305: ZY | G1305: ZRP | H1305: ZS20 | I1305: 1 | K1305: 0 | L1305: WB | M1305: Z001 | N1305: 0 | O1305: 0 | P1305: 0 | Q1305: 0 | R1305: 0 | S1305: 0 | T1305: SE | U1305: SVS1 | V1305: SVS1 | X1305: 1 | Z1305: 0 | AA1305: 0 | AB1305: 0 | AD1305: 0 | AI1305: 0 | AJ1305: X | AN1305: D | AR1305: 0 | AT1305: DMC_Z00540RF | AU1305: 46275 | AV1305: 0.62488426
A1306: =_xlfn.CONCAT(B1306,D1306) -> GP321116B856 | B1306: GP321116 | C1306: B856SVS1 | D1306: B856 | F1306: ZY | G1306: ZRP | H1306: ZS20 | I1306: 1 | K1306: 0 | L1306: WB | M1306: Z001 | N1306: 0 | O1306: 0 | P1306: 0 | Q1306: 0 | R1306: 0 | S1306: 0 | T1306: SE | U1306: SVS1 | V1306: SVS1 | X1306: 1 | Z1306: 0 | AA1306: 0 | AB1306: 0 | AD1306: 0 | AI1306: 0 | AJ1306: X | AN1306: D | AR1306: 0 | AT1306: DMC_Z00540RF | AU1306: 46275 | AV1306: 0.62488426
A1307: =_xlfn.CONCAT(B1307,D1307) -> GP321121B856 | B1307: GP321121 | C1307: B856SVS1 | D1307: B856 | F1307: ZY | G1307: ZRP | H1307: ZS20 | I1307: 1 | K1307: 0 | L1307: WB | M1307: Z001 | N1307: 0 | O1307: 0 | P1307: 0 | Q1307: 0 | R1307: 0 | S1307: 0 | T1307: SE | U1307: SVS1 | V1307: SVS1 | X1307: 1 | Z1307: 0 | AA1307: 0 | AB1307: 0 | AD1307: 0 | AI1307: 0 | AJ1307: X | AN1307: D | AR1307: 0 | AT1307: DMC_Z00540RF | AU1307: 46275 | AV1307: 0.62487269
A1308: =_xlfn.CONCAT(B1308,D1308) -> GP321121B867 | B1308: GP321121 | C1308: B867SVM3 | D1308: B867 | F1308: ZY | G1308: ZRP | H1308: ZS20 | I1308: 2 | K1308: 0 | L1308: WB | M1308: Z001 | N1308: 0 | O1308: 0 | P1308: 0 | Q1308: 0 | R1308: 0 | S1308: 0 | T1308: SE | U1308: SVM3 | V1308: SVM3 | X1308: 1 | Z1308: 0 | AA1308: 0 | AB1308: 0 | AD1308: 0 | AI1308: 0 | AJ1308: X | AN1308: D | AR1308: 0 | AT1308: DMC_Z00540RF | AU1308: 46275 | AV1308: 0.62712963
A1309: =_xlfn.CONCAT(B1309,D1309) -> GP321370B832 | B1309: GP321370 | C1309: B832SUV1 | D1309: B832 | F1309: ZY | G1309: ZRP | H1309: ZS20 | I1309: 2 | K1309: 0 | L1309: WB | M1309: Z001 | N1309: 0 | O1309: 0 | P1309: 0 | Q1309: 0 | R1309: 0 | S1309: 0 | T1309: SE | U1309: SUV1 | V1309: SUV1 | X1309: 1 | Z1309: 0 | AA1309: 0 | AB1309: 0 | AD1309: 0 | AI1309: 0 | AJ1309: X | AN1309: D | AR1309: 0 | AT1309: DMC_Z00540RF | AU1309: 46275 | AV1309: 0.62336806
A1310: =_xlfn.CONCAT(B1310,D1310) -> GP322848B856 | B1310: GP322848 | C1310: B856SVS1 | D1310: B856 | F1310: ZY | G1310: ZRP | H1310: ZS20 | I1310: 2 | K1310: 0 | L1310: WB | M1310: Z001 | N1310: 0 | O1310: 0 | P1310: 0 | Q1310: 0 | R1310: 0 | S1310: 0 | T1310: SE | U1310: SVS1 | V1310: SVS1 | X1310: 1 | Z1310: 0 | AA1310: 0 | AB1310: 0 | AD1310: 0 | AI1310: 0 | AJ1310: X | AN1310: D | AR1310: 0 | AT1310: DMC_Z00540RF | AU1310: 46275 | AV1310: 0.62489583
A1311: =_xlfn.CONCAT(B1311,D1311) -> GP322848B857 | B1311: GP322848 | C1311: B857SVS2 | D1311: B857 | F1311: ZY | G1311: ZRP | H1311: ZS20 | I1311: 2 | K1311: 0 | L1311: WB | M1311: Z001 | N1311: 0 | O1311: 0 | P1311: 0 | Q1311: 0 | R1311: 0 | S1311: 0 | T1311: SE | U1311: SVS2 | V1311: SVS2 | X1311: 1 | Z1311: 0 | AA1311: 0 | AB1311: 0 | AD1311: 0 | AI1311: 0 | AJ1311: X | AN1311: D | AR1311: 0 | AT1311: DMC_Z00540RF | AU1311: 46275 | AV1311: 0.62513889
A1312: =_xlfn.CONCAT(B1312,D1312) -> GP322849B856 | B1312: GP322849 | C1312: B856SVS1 | D1312: B856 | F1312: ZY | G1312: ZRP | H1312: ZS20 | I1312: 2 | K1312: 0 | L1312: WB | M1312: Z001 | N1312: 0 | O1312: 0 | P1312: 0 | Q1312: 0 | R1312: 0 | S1312: 0 | T1312: SE | U1312: SVS1 | V1312: SVS1 | X1312: 1 | Z1312: 0 | AA1312: 0 | AB1312: 0 | AD1312: 0 | AI1312: 0 | AJ1312: X | AN1312: D | AR1312: 0 | AT1312: DMC_Z00540RF | AU1312: 46275 | AV1312: 0.62489583
A1313: =_xlfn.CONCAT(B1313,D1313) -> GP322888B856 | B1313: GP322888 | C1313: B856SVS1 | D1313: B856 | F1313: ZY | G1313: ZRP | H1313: ZS20 | I1313: 1 | K1313: 0 | L1313: WB | M1313: Z001 | N1313: 0 | O1313: 0 | P1313: 0 | Q1313: 0 | R1313: 0 | S1313: 0 | T1313: SE | U1313: SVS1 | V1313: SVS1 | X1313: 1 | Z1313: 0 | AA1313: 0 | AB1313: 0 | AD1313: 0 | AI1313: 0 | AJ1313: X | AN1313: D | AR1313: 0 | AT1313: DMC_Z00540RF | AU1313: 46275 | AV1313: 0.62489583
...

Sheet Est. Parq.
B1: Centro | C1: Nome 1 | D1: Depósito | E1: Descrição do depósito | F1: Material | G1: Texto breve material | H1: UM básica | I1: Lote | J1: Utilização livre | K1: Estoque em trânsito | L1: Em contr.qualidade | M1: Bloqueado
A2: =_xlfn.CONCAT(F2,B2) -> GP127960B838 | B2: B838 | C2: SGRE Mto Vila Acre | D2: SVA1 | E2: Vila Acre WF | F2: GP127960 | G2: GENERIC G9X ELECTRIC ROTATING JOINT STD | H2: PC | I2: N_IMP | J2: 1 | K2: 0 | L2: 2 | M2: 0
A3: =_xlfn.CONCAT(F3,B3) -> GP127960B832 | B3: B832 | C3: SGRE Mto Uniao dos Ventos | D3: SUV1 | E3: UDVentos WF | F3: GP127960 | G3: GENERIC G9X ELECTRIC ROTATING JOINT STD | H3: PC | I3: N_IMP | J3: 6 | K3: 0 | L3: 1 | M3: 0
A4: =_xlfn.CONCAT(F4,B4) -> 109534B825 | B4: B825 | C4: SGRE Mto Bloco Norte Sul | D4: SBN1 | E4: Bloco Norte S WF | F4: 109534 | G4: VALVULA RV8-10-C-0-50 | H4: PC | I4: N_IMP | J4: 2 | K4: 0 | L4: 0 | M4: 0
A5: =_xlfn.CONCAT(F5,B5) -> 109534B833 | B5: B833 | C5: SGRE Mto Uniao dos Ventos Exp | D5: SUV2 | E5: UDVentos Exp WF | F5: 109534 | G5: VALVULA RV8-10-C-0-50 | H5: PC | I5: N_IMP | J5: 10 | K5: 0 | L5: 0 | M5: 0
A6: =_xlfn.CONCAT(F6,B6) -> 109534B856 | B6: B856 | C6: SGRE Mto Ventos Serra do Mel I | D6: SVS1 | E6: VSM I WF | F6: 109534 | G6: VALVULA RV8-10-C-0-50 | H6: PC | I6: N_IMP | J6: 2 | K6: 0 | L6: 0 | M6: 0
A7: =_xlfn.CONCAT(F7,B7) -> 109534B857 | B7: B857 | C7: SGRE Mto Ventos Serra do Mel I | D7: SVS2 | E7: VSM II WF | F7: 109534 | G7: VALVULA RV8-10-C-0-50 | H7: PC | I7: N_IMP | J7: 2 | K7: 0 | L7: 0 | M7: 0
A8: =_xlfn.CONCAT(F8,B8) -> 109534B864 | B8: B864 | C8: SGRE MTO Maral | D8: SAV1 | E8: Maral WF | F8: 109534 | G8: VALVULA RV8-10-C-0-50 | H8: PC | I8: N_IMP | J8: 5 | K8: 0 | L8: 0 | M8: 0
A9: =_xlfn.CONCAT(F9,B9) -> 109534B865 | B9: B865 | C9: SGRE MTO Terra Santa | F9: 109534 | G9: VALVULA RV8-10-C-0-50 | H9: PC | J9: 0 | K9: 2 | L9: 0 | M9: 0
A10: =_xlfn.CONCAT(F10,B10) -> 109534B867 | B10: B867 | C10: SGRE Mto Ventos Serra do Mel I | D10: SVM3 | E10: VSM III WF | F10: 109534 | G10: VALVULA RV8-10-C-0-50 | H10: PC | I10: N_IMP | J10: 2 | K10: 0 | L10: 0 | M10: 0
A11: =_xlfn.CONCAT(F11,B11) -> GP127960B825 | B11: B825 | C11: SGRE Mto Bloco Norte Sul | D11: SBN1 | E11: Bloco Norte S WF | F11: GP127960 | G11: GENERIC G9X ELECTRIC ROTATING JOINT STD | H11: PC | I11: B_IMP | J11: 2 | K11: 0 | L11: 0 | M11: 0
A12: =_xlfn.CONCAT(F12,B12) -> GP127960B825 | B12: B825 | C12: SGRE Mto Bloco Norte Sul | D12: SBN1 | E12: Bloco Norte S WF | F12: GP127960 | G12: GENERIC G9X ELECTRIC ROTATING JOINT STD | H12: PC | I12: N_IMP | J12: 8 | K12: 0 | L12: 0 | M12: 0
A13: =_xlfn.CONCAT(F13,B13) -> GP127960B832 | B13: B832 | C13: SGRE Mto Uniao dos Ventos | D13: SUV1 | E13: UDVentos WF | F13: GP127960 | G13: GENERIC G9X ELECTRIC ROTATING JOINT STD | H13: PC | I13: B_IMP | J13: 1 | K13: 0 | L13: 0 | M13: 0
A14: =_xlfn.CONCAT(F14,B14) -> GP127960B833 | B14: B833 | C14: SGRE Mto Uniao dos Ventos Exp | D14: SUV2 | E14: UDVentos Exp WF | F14: GP127960 | G14: GENERIC G9X ELECTRIC ROTATING JOINT STD | H14: PC | I14: N_IMP | J14: 2 | K14: 0 | L14: 0 | M14: 0
A15: =_xlfn.CONCAT(F15,B15) -> GP127960B838 | B15: B838 | C15: SGRE Mto Vila Acre | D15: SVA1 | E15: Vila Acre WF | F15: GP127960 | G15: GENERIC G9X ELECTRIC ROTATING JOINT STD | H15: PC | I15: B_IMP | J15: 1 | K15: 0 | L15: 0 | M15: 0
A16: =_xlfn.CONCAT(F16,B16) -> GP127960B856 | B16: B856 | C16: SGRE Mto Ventos Serra do Mel I | D16: SVS1 | E16: VSM I WF | F16: GP127960 | G16: GENERIC G9X ELECTRIC ROTATING JOINT STD | H16: PC | I16: N_IMP | J16: 2 | K16: 0 | L16: 0 | M16: 0
A17: =_xlfn.CONCAT(F17,B17) -> GP127960B857 | B17: B857 | C17: SGRE Mto Ventos Serra do Mel I | D17: SVS2 | E17: VSM II WF | F17: GP127960 | G17: GENERIC G9X ELECTRIC ROTATING JOINT STD | H17: PC | I17: N_IMP | J17: 3 | K17: 0 | L17: 0 | M17: 0
A18: =_xlfn.CONCAT(F18,B18) -> GP127960B864 | B18: B864 | C18: SGRE MTO Maral | D18: SAV1 | E18: Maral WF | F18: GP127960 | G18: GENERIC G9X ELECTRIC ROTATING JOINT STD | H18: PC | I18: B_IMP | J18: 0 | K18: 0 | L18: 0 | M18: 0
A19: =_xlfn.CONCAT(F19,B19) -> GP127960B864 | B19: B864 | C19: SGRE MTO Maral | D19: SAV1 | E19: Maral WF | F19: GP127960 | G19: GENERIC G9X ELECTRIC ROTATING JOINT STD | H19: PC | I19: N_IMP | J19: 2 | K19: 0 | L19: 0 | M19: 0
A20: =_xlfn.CONCAT(F20,B20) -> GP127960B865 | B20: B865 | C20: SGRE MTO Terra Santa | F20: GP127960 | G20: GENERIC G9X ELECTRIC ROTATING JOINT STD | H20: PC | J20: 0 | K20: 1 | L20: 0 | M20: 0
A21: =_xlfn.CONCAT(F21,B21) -> GP127960B865 | B21: B865 | C21: SGRE MTO Terra Santa | D21: STS1 | E21: Terra Santa WF | F21: GP127960 | G21: GENERIC G9X ELECTRIC ROTATING JOINT STD | H21: PC | I21: N_IMP | J21: 4 | K21: 0 | L21: 0 | M21: 0
A22: =_xlfn.CONCAT(F22,B22) -> GP127960B867 | B22: B867 | C22: SGRE Mto Ventos Serra do Mel I | D22: SVM3 | E22: VSM III WF | F22: GP127960 | G22: GENERIC G9X ELECTRIC ROTATING JOINT STD | H22: PC | I22: B_IMP | J22: 1 | K22: 0 | L22: 0 | M22: 0
A23: =_xlfn.CONCAT(F23,B23) -> GP127960B867 | B23: B867 | C23: SGRE Mto Ventos Serra do Mel I | D23: SVM3 | E23: VSM III WF | F23: GP127960 | G23: GENERIC G9X ELECTRIC ROTATING JOINT STD | H23: PC | I23: N_IMP | J23: 2 | K23: 0 | L23: 0 | M23: 0
A24: =_xlfn.CONCAT(F24,B24) -> GP131157B825 | B24: B825 | C24: SGRE Mto Bloco Norte Sul | F24: GP131157 | G24: COTTON CLOTHS PACKAGE | H24: PC | J24: 0 | K24: 4000 | L24: 0 | M24: 0
A25: =_xlfn.CONCAT(F25,B25) -> GP131157B825 | B25: B825 | C25: SGRE Mto Bloco Norte Sul | D25: SBN1 | E25: Bloco Norte S WF | F25: GP131157 | G25: COTTON CLOTHS PACKAGE | H25: PC | J25: 1946.9 | K25: 0 | L25: 0 | M25: 0
A26: =_xlfn.CONCAT(F26,B26) -> GP131157B832 | B26: B832 | C26: SGRE Mto Uniao dos Ventos | F26: GP131157 | G26: COTTON CLOTHS PACKAGE | H26: PC | J26: 0 | K26: 25 | L26: 0 | M26: 0
A27: =_xlfn.CONCAT(F27,B27) -> GP131157B832 | B27: B832 | C27: SGRE Mto Uniao dos Ventos | D27: SUV1 | E27: UDVentos WF | F27: GP131157 | G27: COTTON CLOTHS PACKAGE | H27: PC | J27: 82 | K27: 0 | L27: 0 | M27: 0
A28: =_xlfn.CONCAT(F28,B28) -> GP131157B833 | B28: B833 | C28: SGRE Mto Uniao dos Ventos Exp | D28: SUV2 | E28: UDVentos Exp WF | F28: GP131157 | G28: COTTON CLOTHS PACKAGE | H28: PC | J28: 0.5 | K28: 0 | L28: 0 | M28: 0
A29: =_xlfn.CONCAT(F29,B29) -> GP131157B838 | B29: B838 | C29: SGRE Mto Vila Acre | D29: SVA1 | E29: Vila Acre WF | F29: GP131157 | G29: COTTON CLOTHS PACKAGE | H29: PC | J29: 0.8 | K29: 0 | L29: 0 | M29: 0
A30: =_xlfn.CONCAT(F30,B30) -> GP131157B856 | B30: B856 | C30: SGRE Mto Ventos Serra do Mel I | D30: SVS1 | E30: VSM I WF | F30: GP131157 | G30: COTTON CLOTHS PACKAGE | H30: PC | J30: 402.7 | K30: 0 | L30: 0 | M30: 0
A31: =_xlfn.CONCAT(F31,B31) -> GP131157B857 | B31: B857 | C31: SGRE Mto Ventos Serra do Mel I | F31: GP131157 | G31: COTTON CLOTHS PACKAGE | H31: PC | J31: 0 | K31: 50 | L31: 0 | M31: 0
A32: =_xlfn.CONCAT(F32,B32) -> GP131157B857 | B32: B857 | C32: SGRE Mto Ventos Serra do Mel I | D32: SVS2 | E32: VSM II WF | F32: GP131157 | G32: COTTON CLOTHS PACKAGE | H32: PC | J32: 381.8 | K32: 0 | L32: 0 | M32: 0
A33: =_xlfn.CONCAT(F33,B33) -> GP131157B864 | B33: B864 | C33: SGRE MTO Maral | D33: SAV1 | E33: Maral WF | F33: GP131157 | G33: COTTON CLOTHS PACKAGE | H33: PC | J33: 304 | K33: 0 | L33: 0 | M33: 0
A34: =_xlfn.CONCAT(F34,B34) -> GP131157B865 | B34: B865 | C34: SGRE MTO Terra Santa | F34: GP131157 | G34: COTTON CLOTHS PACKAGE | H34: PC | J34: 0 | K34: 400 | L34: 0 | M34: 0
A35: =_xlfn.CONCAT(F35,B35) -> GP131157B865 | B35: B865 | C35: SGRE MTO Terra Santa | D35: STS1 | E35: Terra Santa WF | F35: GP131157 | G35: COTTON CLOTHS PACKAGE | H35: PC | J35: 0 | K35: 0 | L35: 0 | M35: 0
A36: =_xlfn.CONCAT(F36,B36) -> GP131157B867 | B36: B867 | C36: SGRE Mto Ventos Serra do Mel I | F36: GP131157 | G36: COTTON CLOTHS PACKAGE | H36: PC | J36: 0 | K36: 1225 | L36: 0 | M36: 0
A37: =_xlfn.CONCAT(F37,B37) -> GP131157B867 | B37: B867 | C37: SGRE Mto Ventos Serra do Mel I | D37: SVM3 | E37: VSM III WF | F37: GP131157 | G37: COTTON CLOTHS PACKAGE | H37: PC | J37: 0.1 | K37: 0 | L37: 0 | M37: 0
A38: =_xlfn.CONCAT(F38,B38) -> GP241858B825 | B38: B825 | C38: SGRE Mto Bloco Norte Sul | F38: GP241858 | G38: INDUCTIVE SENSOR M18 | H38: PC | J38: 0 | K38: 11 | L38: 0 | M38: 0
A39: =_xlfn.CONCAT(F39,B39) -> GP241858B825 | B39: B825 | C39: SGRE Mto Bloco Norte Sul | D39: SBN1 | E39: Bloco Norte S WF | F39: GP241858 | G39: INDUCTIVE SENSOR M18 | H39: PC | I39: N_IMP | J39: 8 | K39: 0 | L39: 0 | M39: 0
A40: =_xlfn.CONCAT(F40,B40) -> GP241858B832 | B40: B832 | C40: SGRE Mto Uniao dos Ventos | D40: SUV1 | E40: UDVentos WF | F40: GP241858 | G40: INDUCTIVE SENSOR M18 | H40: PC | I40: N_IMP | J40: 2 | K40: 0 | L40: 0 | M40: 0
A41: =_xlfn.CONCAT(F41,B41) -> GP241858B833 | B41: B833 | C41: SGRE Mto Uniao dos Ventos Exp | D41: SUV2 | E41: UDVentos Exp WF | F41: GP241858 | G41: INDUCTIVE SENSOR M18 | H41: PC | I41: N_IMP | J41: 2 | K41: 0 | L41: 0 | M41: 0
A42: =_xlfn.CONCAT(F42,B42) -> GP249817B825 | B42: B825 | C42: SGRE Mto Bloco Norte Sul | D42: SBN1 | E42: Bloco Norte S WF | F42: GP249817 | G42: FAN_JAS_FJ28082MAB | H42: PC | I42: N_IMP | J42: 0 | K42: 0 | L42: 0 | M42: 0
A43: =_xlfn.CONCAT(F43,B43) -> GP249817B832 | B43: B832 | C43: SGRE Mto Uniao dos Ventos | D43: SUV1 | E43: UDVentos WF | F43: GP249817 | G43: FAN_JAS_FJ28082MAB | H43: PC | I43: N_IMP | J43: 13 | K43: 0 | L43: 0 | M43: 0
A44: =_xlfn.CONCAT(F44,B44) -> GP249817B838 | B44: B838 | C44: SGRE Mto Vila Acre | D44: SVA1 | E44: Vila Acre WF | F44: GP249817 | G44: FAN_JAS_FJ28082MAB | H44: PC | I44: N_IMP | J44: 3 | K44: 0 | L44: 0 | M44: 0
A45: =_xlfn.CONCAT(F45,B45) -> GP249817B856 | B45: B856 | C45: SGRE Mto Ventos Serra do Mel I | D45: SVS1 | E45: VSM I WF | F45: GP249817 | G45: FAN_JAS_FJ28082MAB | H45: PC | I45: N_IMP | J45: 12 | K45: 0 | L45: 0 | M45: 0
A46: =_xlfn.CONCAT(F46,B46) -> GP249817B857 | B46: B857 | C46: SGRE Mto Ventos Serra do Mel I | D46: SVS2 | E46: VSM II WF | F46: GP249817 | G46: FAN_JAS_FJ28082MAB | H46: PC | I46: N_IMP | J46: 0 | K46: 0 | L46: 0 | M46: 0
A47: =_xlfn.CONCAT(F47,B47) -> GP249817B864 | B47: B864 | C47: SGRE MTO Maral | D47: SAV1 | E47: Maral WF | F47: GP249817 | G47: FAN_JAS_FJ28082MAB | H47: PC | I47: N_IMP | J47: 20 | K47: 0 | L47: 0 | M47: 0
A48: =_xlfn.CONCAT(F48,B48) -> GP249817B865 | B48: B865 | C48: SGRE MTO Terra Santa | F48: GP249817 | G48: FAN_JAS_FJ28082MAB | H48: PC | J48: 0 | K48: 26 | L48: 0 | M48: 0
A49: =_xlfn.CONCAT(F49,B49) -> GP249817B865 | B49: B865 | C49: SGRE MTO Terra Santa | D49: STS1 | E49: Terra Santa WF | F49: GP249817 | G49: FAN_JAS_FJ28082MAB | H49: PC | I49: N_IMP | J49: 3 | K49: 0 | L49: 0 | M49: 0
A50: =_xlfn.CONCAT(F50,B50) -> GP249817B867 | B50: B867 | C50: SGRE Mto Ventos Serra do Mel I | D50: SVM3 | E50: VSM III WF | F50: GP249817 | G50: FAN_JAS_FJ28082MAB | H50: PC | I50: N_IMP | J50: 17 | K50: 0 | L50: 0 | M50: 0
A51: =_xlfn.CONCAT(F51,B51) -> GP525859B856 | B51: B856 | C51: SGRE Mto Ventos Serra do Mel I | D51: SVS1 | E51: VSM I WF | F51: GP525859 | G51: SCRAPER 105/117.2X8.1 M12T | H51: PC | I51: N_IMP | J51: 2 | K51: 0 | L51: 0 | M51: 0
A52: =_xlfn.CONCAT(F52,B52) -> GP525859B857 | B52: B857 | C52: SGRE Mto Ventos Serra do Mel I | D52: SVS2 | E52: VSM II WF | F52: GP525859 | G52: SCRAPER 105/117.2X8.1 M12T | H52: PC | I52: N_IMP | J52: 15 | K52: 0 | L52: 0 | M52: 0
A53: =_xlfn.CONCAT(F53,B53) -> GP525859B864 | B53: B864 | C53: SGRE MTO Maral | D53: SAV1 | E53: Maral WF | F53: GP525859 | G53: SCRAPER 105/117.2X8.1 M12T | H53: PC | I53: N_IMP | J53: 13 | K53: 0 | L53: 0 | M53: 0
A54: =_xlfn.CONCAT(F54,B54) -> GP525859B865 | B54: B865 | C54: SGRE MTO Terra Santa | D54: STS1 | E54: Terra Santa WF | F54: GP525859 | G54: SCRAPER 105/117.2X8.1 M12T | H54: PC | I54: N_IMP | J54: 6 | K54: 0 | L54: 0 | M54: 0
A55: =_xlfn.CONCAT(F55,B55) -> GP525859B867 | B55: B867 | C55: SGRE Mto Ventos Serra do Mel I | D55: SVM3 | E55: VSM III WF | F55: GP525859 | G55: SCRAPER 105/117.2X8.1 M12T | H55: PC | I55: N_IMP | J55: 0 | K55: 0 | L55: 0 | M55: 0
A56: =_xlfn.CONCAT(F56,B56) -> GP004975B832 | B56: B832 | C56: SGRE Mto Uniao dos Ventos | D56: SUV1 | E56: UDVentos WF | F56: GP004975 | G56: PLC CONTROLADOR DE CAMPO | H56: PC | I56: N_IMP | J56: 0 | K56: 0 | L56: 0 | M56: 0
A57: =_xlfn.CONCAT(F57,B57) -> GP004975B833 | B57: B833 | C57: SGRE Mto Uniao dos Ventos Exp | D57: SUV2 | E57: UDVentos Exp WF | F57: GP004975 | G57: PLC CONTROLADOR DE CAMPO | H57: PC | I57: N_IMP | J57: 2 | K57: 0 | L57: 0 | M57: 0
A58: =_xlfn.CONCAT(F58,B58) -> GP004975B838 | B58: B838 | C58: SGRE Mto Vila Acre | D58: SVA1 | E58: Vila Acre WF | F58: GP004975 | G58: PLC CONTROLADOR DE CAMPO | H58: PC | I58: N_IMP | J58: 4 | K58: 0 | L58: 0 | M58: 0
A59: =_xlfn.CONCAT(F59,B59) -> GP008618B825 | B59: B825 | C59: SGRE Mto Bloco Norte Sul | D59: SBN1 | E59: Bloco Norte S WF | F59: GP008618 | G59: On delay time RockWell 700-HT3 | H59: PC | I59: N_NAC | J59: 2 | K59: 0 | L59: 0 | M59: 0
A60: =_xlfn.CONCAT(F60,B60) -> GP008618B832 | B60: B832 | C60: SGRE Mto Uniao dos Ventos | D60: SUV1 | E60: UDVentos WF | F60: GP008618 | G60: On delay time RockWell 700-HT3 | H60: PC | I60: N_NAC | J60: 5 | K60: 0 | L60: 0 | M60: 0
... A66: =_xlfn.CONCAT(F66,B66) -> GP008618B867 | B66: B867 | C66: SGRE Mto Ventos Serra do Mel I | D66: SVM3 | E66: VSM III WF | F66: GP008618 | G66: On delay time RockWell 700-HT3 | H66: PC | I66: N_NAC | J66: 6 | K66: 0 | L66: 0 | M66: 0
A67: =_xlfn.CONCAT(F67,B67) -> GP013211B825 | B67: B825 | C67: SGRE Mto Bloco Norte Sul | D67: SBN1 | E67: Bloco Norte S WF | F67: GP013211 | G67: GENERICO OLEOS DA UNIDADE HIDRAULICA | H67: L | J67: 0 | K67: 0 | L67: 0 | M67: 0
A68: =_xlfn.CONCAT(F68,B68) -> GP013211B832 | B68: B832 | C68: SGRE Mto Uniao dos Ventos | D68: SUV1 | E68: UDVentos WF | F68: GP013211 | G68: GENERICO OLEOS DA UNIDADE HIDRAULICA | H68: L | J68: 3 | K68: 0 | L68: 0 | M68: 0
A69: =_xlfn.CONCAT(F69,B69) -> GP013211B833 | B69: B833 | C69: SGRE Mto Uniao dos Ventos Exp | D69: SUV2 | E69: UDVentos Exp WF | F69: GP013211 | G69: GENERICO OLEOS DA UNIDADE HIDRAULICA | H69: L | J69: 1045 | K69: 0 | L69: 0 | M69: 0
A70: =_xlfn.CONCAT(F70,B70) -> GP013211B838 | B70: B838 | C70: SGRE Mto Vila Acre | D70: SVA1 | E70: Vila Acre WF | F70: GP013211 | G70: GENERICO OLEOS DA UNIDADE HIDRAULICA | H70: L | J70: 0 | K70: 0 | L70: 0 | M70: 0
A71: =_xlfn.CONCAT(F71,B71) -> GP013211B856 | B71: B856 | C71: SGRE Mto Ventos Serra do Mel I | D71: SVS1 | E71: VSM I WF | F71: GP013211 | G71: GENERICO OLEOS DA UNIDADE HIDRAULICA | H71: L | J71: 374 | K71: 0 | L71: 0 | M71: 0
A72: =_xlfn.CONCAT(F72,B72) -> GP013211B857 | B72: B857 | C72: SGRE Mto Ventos Serra do Mel I | D72: SVS2 | E72: VSM II WF | F72: GP013211 | G72: GENERICO OLEOS DA UNIDADE HIDRAULICA | H72: L | J72: 50 | K72: 0 | L72: 0 | M72: 0
A73: =_xlfn.CONCAT(F73,B73) -> GP013211B864 | B73: B864 | C73: SGRE MTO Maral | D73: SAV1 | E73: Maral WF | F73: GP013211 | G73: GENERICO OLEOS DA UNIDADE HIDRAULICA | H73: L | J73: 1094 | K73: 0 | L73: 0 | M73: 0
A74: =_xlfn.CONCAT(F74,B74) -> GP013211B865 | B74: B865 | C74: SGRE MTO Terra Santa | D74: STS1 | E74: Terra Santa WF | F74: GP013211 | G74: GENERICO OLEOS DA UNIDADE HIDRAULICA | H74: L | J74: 806 | K74: 0 | L74: 0 | M74: 0
A75: =_xlfn.CONCAT(F75,B75) -> GP013211B867 | B75: B867 | C75: SGRE Mto Ventos Serra do Mel I | F75: GP013211 | G75: GENERICO OLEOS DA UNIDADE HIDRAULICA | H75: L | J75: 0 | K75: 209 | L75: 0 | M75: 0
A76: =_xlfn.CONCAT(F76,B76) -> GP013211B867 | B76: B867 | C76: SGRE Mto Ventos Serra do Mel I | D76: SVM3 | E76: VSM III WF | F76: GP013211 | G76: GENERICO OLEOS DA UNIDADE HIDRAULICA | H76: L | J76: 23 | K76: 0 | L76: 0 | M76: 0
A77: =_xlfn.CONCAT(F77,B77) -> GP019518B832 | B77: B832 | C77: SGRE Mto Uniao dos Ventos | D77: SUV1 | E77: UDVentos WF | F77: GP019518 | G77: SWITCH ETHERNET MOXA EDS-308-MM-ST | H77: PC | I77: N_IMP | J77: 2 | K77: 0 | L77: 0 | M77: 0
A78: =_xlfn.CONCAT(F78,B78) -> GP019518B833 | B78: B833 | C78: SGRE Mto Uniao dos Ventos Exp | D78: SUV2 | E78: UDVentos Exp WF | F78: GP019518 | G78: SWITCH ETHERNET MOXA EDS-308-MM-ST | H78: PC | I78: N_IMP | J78: 2 | K78: 0 | L78: 0 | M78: 0
A79: =_xlfn.CONCAT(F79,B79) -> GP019518B856 | B79: B856 | C79: SGRE Mto Ventos Serra do Mel I | F79: GP019518 | G79: SWITCH ETHERNET MOXA EDS-308-MM-ST | H79: PC | J79: 0 | K79: 2 | L79: 0 | M79: 0
A80: =_xlfn.CONCAT(F80,B80) -> GP023882B825 | B80: B825 | C80: SGRE Mto Bloco Norte Sul | D80: SBN1 | E80: Bloco Norte S WF | F80: GP023882 | G80: DIODO PADRAO 540A 2700V XX | H80: PC | I80: N_IMP | J80: 0 | K80: 0 | L80: 0 | M80: 0
A81: =_xlfn.CONCAT(F81,B81) -> GP023882B832 | B81: B832 | C81: SGRE Mto Uniao dos Ventos | D81: SUV1 | E81: UDVentos WF | F81: GP023882 | G81: DIODO PADRAO 540A 2700V XX | H81: PC | I81: N_IMP | J81: 1 | K81: 0 | L81: 0 | M81: 0
A82: =_xlfn.CONCAT(F82,B82) -> GP023882B838 | B82: B838 | C82: SGRE Mto Vila Acre | D82: SVA1 | E82: Vila Acre WF | F82: GP023882 | G82: DIODO PADRAO 540A 2700V XX | H82: PC | I82: N_IMP | J82: 3 | K82: 0 | L82: 0 | M82: 0
A83: =_xlfn.CONCAT(F83,B83) -> GP069610B825 | B83: B825 | C83: SGRE Mto Bloco Norte Sul | D83: SBN1 | E83: Bloco Norte S WF | F83: GP069610 | G83: LEVEL SWITCH HINE LM1FA500NASP ALARM | H83: PC | I83: N_IMP | J83: 1 | K83: 0 | L83: 0 | M83: 0
A84: =_xlfn.CONCAT(F84,B84) -> GP069610B832 | B84: B832 | C84: SGRE Mto Uniao dos Ventos | D84: SUV1 | E84: UDVentos WF | F84: GP069610 | G84: LEVEL SWITCH HINE LM1FA500NASP ALARM | H84: PC | I84: N_IMP | J84: 3 | K84: 0 | L84: 0 | M84: 0
A85: =_xlfn.CONCAT(F85,B85) -> GP069610B838 | B85: B838 | C85: SGRE Mto Vila Acre | D85: SVA1 | E85: Vila Acre WF | F85: GP069610 | G85: LEVEL SWITCH HINE LM1FA500NASP ALARM | H85: PC | I85: N_IMP | J85: 3 | K85: 0 | L85: 0 | M85: 0
A86: =_xlfn.CONCAT(F86,B86) -> GP069610B857 | B86: B857 | C86: SGRE Mto Ventos Serra do Mel I | D86: SVS2 | E86: VSM II WF | F86: GP069610 | G86: LEVEL SWITCH HINE LM1FA500NASP ALARM | H86: PC | I86: N_IMP | J86: 1 | K86: 0 | L86: 0 | M86: 0
A87: =_xlfn.CONCAT(F87,B87) -> GP069610B864 | B87: B864 | C87: SGRE MTO Maral | D87: SAV1 | E87: Maral WF | F87: GP069610 | G87: LEVEL SWITCH HINE LM1FA500NASP ALARM | H87: PC | I87: N_IMP | J87: 2 | K87: 0 | L87: 0 | M87: 0
A88: =_xlfn.CONCAT(F88,B88) -> GP069610B865 | B88: B865 | C88: SGRE MTO Terra Santa | F88: GP069610 | G88: LEVEL SWITCH HINE LM1FA500NASP ALARM | H88: PC | J88: 0 | K88: 1 | L88: 0 | M88: 0
A89: =_xlfn.CONCAT(F89,B89) -> GP069610B865 | B89: B865 | C89: SGRE MTO Terra Santa | D89: STS1 | E89: Terra Santa WF | F89: GP069610 | G89: LEVEL SWITCH HINE LM1FA500NASP ALARM | H89: PC | I89: N_IMP | J89: 0 | K89: 0 | L89: 0 | M89: 0
A90: =_xlfn.CONCAT(F90,B90) -> GP069610B867 | B90: B867 | C90: SGRE Mto Ventos Serra do Mel I | D90: SVM3 | E90: VSM III WF | F90: GP069610 | G90: LEVEL SWITCH HINE LM1FA500NASP ALARM | H90: PC | I90: N_IMP | J90: 3 | K90: 0 | L90: 0 | M90: 0
A91: =_xlfn.CONCAT(F91,B91) -> GP078780B825 | B91: B825 | C91: SGRE Mto Bloco Norte Sul | D91: SBN1 | E91: Bloco Norte S WF | F91: GP078780 | G91: SMP12C | H91: PC | I91: N_IMP | J91: 1 | K91: 0 | L91: 0 | M91: 0
A92: =_xlfn.CONCAT(F92,B92) -> GP078780B832 | B92: B832 | C92: SGRE Mto Uniao dos Ventos | D92: SUV1 | E92: UDVentos WF | F92: GP078780 | G92: SMP12C | H92: PC | I92: N_IMP | J92: 3 | K92: 0 | L92: 0 | M92: 0
A93: =_xlfn.CONCAT(F93,B93) -> GP078780B833 | B93: B833 | C93: SGRE Mto Uniao dos Ventos Exp | D93: SUV2 | E93: UDVentos Exp WF | F93: GP078780 | G93: SMP12C | H93: PC | I93: N_IMP | J93: 1 | K93: 0 | L93: 0 | M93: 0
A94: =_xlfn.CONCAT(F94,B94) -> GP078780B838 | B94: B838 | C94: SGRE Mto Vila Acre | D94: SVA1 | E94: Vila Acre WF | F94: GP078780 | G94: SMP12C | H94: PC | I94: N_IMP | J94: 0 | K94: 0 | L94: 0 | M94: 0
A95: =_xlfn.CONCAT(F95,B95) -> GP078780B856 | B95: B856 | C95: SGRE Mto Ventos Serra do Mel I | D95: SVS1 | E95: VSM I WF | F95: GP078780 | G95: SMP12C | H95: PC | I95: B_IMP | J95: 2 | K95: 0 | L95: 0 | M95: 0
A96: =_xlfn.CONCAT(F96,B96) -> GP078780B856 | B96: B856 | C96: SGRE Mto Ventos Serra do Mel I | D96: SVS1 | E96: VSM I WF | F96: GP078780 | G96: SMP12C | H96: PC | I96: N_IMP | J96: 0 | K96: 0 | L96: 0 | M96: 0
A97: =_xlfn.CONCAT(F97,B97) -> GP078780B857 | B97: B857 | C97: SGRE Mto Ventos Serra do Mel I | D97: SVS2 | E97: VSM II WF | F97: GP078780 | G97: SMP12C | H97: PC | I97: N_IMP | J97: 1 | K97: 0 | L97: 0 | M97: 0
A98: =_xlfn.CONCAT(F98,B98) -> GP078780B864 | B98: B864 | C98: SGRE MTO Maral | D98: SAV1 | E98: Maral WF | F98: GP078780 | G98: SMP12C | H98: PC | I98: D_IMP | J98: 1 | K98: 0 | L98: 0 | M98: 0
A99: =_xlfn.CONCAT(F99,B99) -> GP078780B864 | B99: B864 | C99: SGRE MTO Maral | D99: SAV1 | E99: Maral WF | F99: GP078780 | G99: SMP12C | H99: PC | I99: N_IMP | J99: 1 | K99: 0 | L99: 0 | M99: 0
A100: =_xlfn.CONCAT(F100,B100) -> GP078780B865 | B100: B865 | C100: SGRE MTO Terra Santa | D100: STS1 | E100: Terra Santa WF | F100: GP078780 | G100: SMP12C | H100: PC | I100: N_IMP | J100: 1 | K100: 0 | L100: 0 | M100: 0
... A103: =_xlfn.CONCAT(F103,B103) -> GP082783B825 | B103: B825 | C103: SGRE Mto Bloco Norte Sul | D103: SBN1 | E103: Bloco Norte S WF | F103: GP082783 | G103: IB IL TEMP 4/8 RTD/EF-PAC | H103: PC | I103: N_IMP | J103: 1 | K103: 0 | L103: 0 | M103: 0
A104: =_xlfn.CONCAT(F104,B104) -> GP082783B832 | B104: B832 | C104: SGRE Mto Uniao dos Ventos | F104: GP082783 | G104: IB IL TEMP 4/8 RTD/EF-PAC | H104: PC | J104: 0 | K104: 1 | L104: 0 | M104: 0
A105: =_xlfn.CONCAT(F105,B105) -> GP082783B832 | B105: B832 | C105: SGRE Mto Uniao dos Ventos | D105: SUV1 | E105: UDVentos WF | F105: GP082783 | G105: IB IL TEMP 4/8 RTD/EF-PAC | H105: PC | I105: B_IMP | J105: 0 | K105: 0 | L105: 0 | M105: 0
A106: =_xlfn.CONCAT(F106,B106) -> GP082783B832 | B106: B832 | C106: SGRE Mto Uniao dos Ventos | D106: SUV1 | E106: UDVentos WF | F106: GP082783 | G106: IB IL TEMP 4/8 RTD/EF-PAC | H106: PC | I106: N_IMP | J106: 0 | K106: 0 | L106: 0 | M106: 0
A107: =_xlfn.CONCAT(F107,B107) -> GP082783B833 | B107: B833 | C107: SGRE Mto Uniao dos Ventos Exp | D107: SUV2 | E107: UDVentos Exp WF | F107: GP082783 | G107: IB IL TEMP 4/8 RTD/EF-PAC | H107: PC | I107: N_IMP | J107: 2 | K107: 0 | L107: 0 | M107: 0
...

Sheet Din
D1: Status | E1: (Vários itens)
A3: Criticos por Parque | B3: Contagem de GP | D3: Previsão parque | E3: Contagem de GP
A4: TERRA SANTA | B4: 1 | D4: MAR/2027 | E4: 0.034482759
A5: Total Geral | B5: 1 | D5: FEV/2027 | E5: 0.034482759
D6: JAN/2027 | E6: 0.068965517
D7: DEZ/2026 | E7: 0.086206897
D8: NOV/2026 | E8: 0.24137931
D9: OUT/2026 | E9: 0.53448276
D10: Total Geral | E10: 1
A16: Status | B16: Contagem de GP | D16: Rótulos de Linha | E16: Contagem de GP
A17: Em rota | B17: 0.32291667 | D17: Em rota | E17: 5
A18: Pendente | B18: 0.28125 | D18: Total Geral | E18: 5
A19: Entregue | B19: 0.21875
A20: Entregue parcial | B20: 0.072916667
A21: Criar RC | B21: 0.0625
A22: Sem necessidade parque | B22: 0.03125
A23: Obsoleto | B23: 0.010416667
A24: Total Geral | B24: 1
A27: Total Criticos
A28: 5
